symbol,engine,setup,side,entry_time,exit_time,risk_percent,r_multiple,reason
USDJPY,USDJPY_SAFE_HAVEN_BREAKOUT,D1_H4_40BAR_BREAKOUT,1,2013-03-07 00:00:00+00:00,2013-03-08 12:00:00+00:00,0.25,3.0,symbol_cap
USDJPY,USDJPY_SAFE_HAVEN_BREAKOUT,D1_H4_40BAR_BREAKOUT,1,2013-03-07 12:00:00+00:00,2013-03-08 12:00:00+00:00,0.25,3.0,symbol_cap
USDJPY,USDJPY_SAFE_HAVEN_BREAKOUT,D1_H4_40BAR_BREAKOUT,1,2013-03-07 16:00:00+00:00,2013-03-08 16:00:00+00:00,0.25,3.0,symbol_cap
USDJPY,USDJPY_SAFE_HAVEN_BREAKOUT,D1_H4_40BAR_BREAKOUT,1,2013-03-07 20:00:00+00:00,2013-03-08 16:00:00+00:00,0.25,3.0,symbol_cap
USDJPY,USDJPY_SAFE_HAVEN_BREAKOUT,D1_H4_40BAR_BREAKOUT,1,2013-03-08 04:00:00+00:00,2013-03-12 12:00:00+00:00,0.25,1.0534102569756287,symbol_cap
USDJPY,USDJPY_SAFE_HAVEN_BREAKOUT,D1_H4_40BAR_BREAKOUT,1,2013-03-08 16:00:00+00:00,2013-03-08 20:00:00+00:00,0.25,-0.9999999999999879,symbol_cap
USDJPY,USDJPY_SAFE_HAVEN_BREAKOUT,D1_H4_40BAR_BREAKOUT,1,2013-04-06 00:00:00+00:00,2013-04-12 12:00:00+00:00,0.25,0.7428870753758702,symbol_cap
USDJPY,USDJPY_SAFE_HAVEN_BREAKOUT,D1_H4_40BAR_BREAKOUT,1,2013-04-08 04:00:00+00:00,2013-04-12 12:00:00+00:00,0.25,0.5179197903639665,symbol_cap
USDJPY,USDJPY_SAFE_HAVEN_BREAKOUT,D1_H4_40BAR_BREAKOUT,1,2013-04-08 20:00:00+00:00,2013-04-13 00:00:00+00:00,0.25,-0.9999999999999974,symbol_cap
USDJPY,USDJPY_SAFE_HAVEN_BREAKOUT,D1_H4_40BAR_BREAKOUT,1,2013-04-09 00:00:00+00:00,2013-04-13 00:00:00+00:00,0.25,-0.9999999999999941,symbol_cap
USDJPY,USDJPY_SAFE_HAVEN_BREAKOUT,D1_H4_40BAR_BREAKOUT,1,2013-04-10 20:00:00+00:00,2013-04-12 12:00:00+00:00,0.25,-0.9999999999999957,symbol_cap
USDJPY,USDJPY_SAFE_HAVEN_BREAKOUT,D1_H4_40BAR_BREAKOUT,1,2013-04-11 00:00:00+00:00,2013-04-12 12:00:00+00:00,0.25,-1.000000000000004,symbol_cap
USDJPY,USDJPY_SAFE_HAVEN_BREAKOUT,D1_H4_40BAR_BREAKOUT,1,2013-05-10 00:00:00+00:00,2013-05-15 12:00:00+00:00,0.25,3.0,symbol_cap
USDJPY,USDJPY_SAFE_HAVEN_BREAKOUT,D1_H4_40BAR_BREAKOUT,1,2013-05-10 04:00:00+00:00,2013-05-17 04:00:00+00:00,0.25,1.854808223654352,symbol_cap
USDJPY,USDJPY_SAFE_HAVEN_BREAKOUT,D1_H4_40BAR_BREAKOUT,1,2013-05-10 12:00:00+00:00,2013-05-14 12:00:00+00:00,0.25,0.0,symbol_cap
USDJPY,USDJPY_SAFE_HAVEN_BREAKOUT,D1_H4_40BAR_BREAKOUT,1,2013-05-10 16:00:00+00:00,2013-05-17 16:00:00+00:00,0.25,1.866390519511362,symbol_cap
USDJPY,USDJPY_SAFE_HAVEN_BREAKOUT,D1_H4_40BAR_BREAKOUT,1,2013-05-15 12:00:00+00:00,2013-05-15 16:00:00+00:00,0.25,-0.9999999999999923,symbol_cap
USDJPY,USDJPY_SAFE_HAVEN_BREAKOUT,D1_H4_40BAR_BREAKOUT,1,2013-05-17 20:00:00+00:00,2013-05-20 16:00:00+00:00,0.25,-0.9999999999999933,symbol_cap
USDJPY,USDJPY_SAFE_HAVEN_BREAKOUT,D1_H4_40BAR_BREAKOUT,1,2013-05-18 00:00:00+00:00,2013-05-23 08:00:00+00:00,0.25,0.0,symbol_cap
AUDUSD,AUDUSD_TREND_PULLBACK,D1_H4_EMA_PULLBACK_04_08UTC,-1,2013-06-07 08:00:00+00:00,2013-06-11 16:00:00+00:00,0.25,2.0,symbol_cap
AUDUSD,AUDUSD_TREND_PULLBACK,D1_H4_EMA_PULLBACK_04_08UTC,-1,2013-06-11 04:00:00+00:00,2013-06-11 20:00:00+00:00,0.25,-0.0,symbol_cap
AUDUSD,AUDUSD_TREND_PULLBACK,D1_H4_EMA_PULLBACK_04_08UTC,-1,2013-07-02 08:00:00+00:00,2013-07-04 00:00:00+00:00,0.25,2.0,symbol_cap
GBPUSD,GBPUSD_V10_PRECISION,PRIMARY_16UTC_BREAKOUT,-1,2013-07-05 16:00:00+00:00,2013-07-09 00:00:00+00:00,0.5,-0.9999999999999937,symbol_cap
USDJPY,USDJPY_SAFE_HAVEN_BREAKOUT,D1_H4_40BAR_BREAKOUT,1,2013-07-06 00:00:00+00:00,2013-07-10 08:00:00+00:00,0.25,-0.9999999999999928,symbol_cap
GBPUSD,GBPUSD_V10_PRECISION,GBPUSD_SWING_V5_PULLBACK_ADDON,1,2013-08-15 12:00:00+00:00,2013-08-15 16:00:00+00:00,0.4,-0.9999999999999966,symbol_cap
AUDUSD,AUDUSD_TREND_PULLBACK,D1_H4_EMA_PULLBACK_04_08UTC,1,2013-09-23 08:00:00+00:00,2013-09-24 12:00:00+00:00,0.25,-0.9999999999999966,symbol_cap
AUDUSD,AUDUSD_TREND_PULLBACK,D1_H4_EMA_PULLBACK_04_08UTC,1,2013-10-04 04:00:00+00:00,2013-10-08 20:00:00+00:00,0.25,0.0,symbol_cap
AUDUSD,AUDUSD_TREND_PULLBACK,D1_H4_EMA_PULLBACK_04_08UTC,1,2013-10-24 08:00:00+00:00,2013-10-24 12:00:00+00:00,0.25,-0.9999999999999901,symbol_cap
USDJPY,USDJPY_SAFE_HAVEN_BREAKOUT,D1_H4_40BAR_BREAKOUT,-1,2013-10-25 08:00:00+00:00,2013-10-28 04:00:00+00:00,0.25,-0.9999999999999972,symbol_cap
USDJPY,USDJPY_SAFE_HAVEN_BREAKOUT,D1_H4_40BAR_BREAKOUT,1,2013-11-12 08:00:00+00:00,2013-11-13 20:00:00+00:00,0.15,-1.000000000000005,symbol_cap
USDJPY,USDJPY_SAFE_HAVEN_BREAKOUT,D1_H4_40BAR_BREAKOUT,1,2013-11-12 12:00:00+00:00,2013-11-13 16:00:00+00:00,0.15,-0.9999999999999928,symbol_cap
USDJPY,USDJPY_SAFE_HAVEN_BREAKOUT,D1_H4_40BAR_BREAKOUT,1,2013-11-14 12:00:00+00:00,2013-11-19 04:00:00+00:00,0.15,-1.0000000000000004,symbol_cap
USDJPY,USDJPY_SAFE_HAVEN_BREAKOUT,D1_H4_40BAR_BREAKOUT,1,2013-11-15 04:00:00+00:00,2013-11-18 12:00:00+00:00,0.15,-1.0000000000000049,symbol_cap
USDJPY,USDJPY_SAFE_HAVEN_BREAKOUT,D1_H4_40BAR_BREAKOUT,1,2013-11-15 12:00:00+00:00,2013-11-18 12:00:00+00:00,0.15,-1.0000000000000067,symbol_cap
GBPUSD,GBPUSD_V10_PRECISION,GBPUSD_SWING_V5_PULLBACK_ADDON,1,2013-11-15 16:00:00+00:00,2013-11-19 16:00:00+00:00,0.4,-1.0000000000000184,symbol_cap
GBPUSD,GBPUSD_V10_PRECISION,PRIMARY_16UTC_BREAKOUT,1,2013-11-15 16:00:00+00:00,2013-11-25 20:00:00+00:00,0.5,0.3337935670685138,symbol_cap
USDJPY,USDJPY_SAFE_HAVEN_BREAKOUT,D1_H4_40BAR_BREAKOUT,1,2013-11-21 12:00:00+00:00,2013-11-26 20:00:00+00:00,0.15,0.7939930600379237,symbol_cap
USDJPY,USDJPY_SAFE_HAVEN_BREAKOUT,D1_H4_40BAR_BREAKOUT,1,2013-11-21 16:00:00+00:00,2013-11-26 20:00:00+00:00,0.15,0.7690526996074102,symbol_cap
USDJPY,USDJPY_SAFE_HAVEN_BREAKOUT,D1_H4_40BAR_BREAKOUT,1,2013-11-22 00:00:00+00:00,2013-11-26 20:00:00+00:00,0.15,0.19578632198728882,max_positions
USDJPY,USDJPY_SAFE_HAVEN_BREAKOUT,D1_H4_40BAR_BREAKOUT,1,2013-11-22 04:00:00+00:00,2013-11-26 20:00:00+00:00,0.15,0.1109766345553077,symbol_cap
USDJPY,USDJPY_SAFE_HAVEN_BREAKOUT,D1_H4_40BAR_BREAKOUT,1,2013-11-25 04:00:00+00:00,2013-11-27 00:00:00+00:00,0.15,-0.9999999999999851,symbol_cap
USDJPY,USDJPY_SAFE_HAVEN_BREAKOUT,D1_H4_40BAR_BREAKOUT,1,2013-11-25 08:00:00+00:00,2013-11-26 00:00:00+00:00,0.15,-0.9999999999999883,symbol_cap
USDJPY,USDJPY_SAFE_HAVEN_BREAKOUT,D1_H4_40BAR_BREAKOUT,1,2013-11-28 00:00:00+00:00,2013-12-03 12:00:00+00:00,0.25,1.069701006522916,symbol_cap
GBPUSD,GBPUSD_V10_PRECISION,SECONDARY_12UTC_BREAKOUT,1,2013-11-28 12:00:00+00:00,2013-12-04 12:00:00+00:00,0.4,0.0,symbol_cap
USDJPY,USDJPY_SAFE_HAVEN_BREAKOUT,D1_H4_40BAR_BREAKOUT,1,2013-11-29 04:00:00+00:00,2013-11-29 12:00:00+00:00,0.25,-1.0000000000000075,symbol_cap
USDJPY,USDJPY_SAFE_HAVEN_BREAKOUT,D1_H4_40BAR_BREAKOUT,1,2013-12-02 16:00:00+00:00,2013-12-03 12:00:00+00:00,0.25,0.0,symbol_cap
USDJPY,USDJPY_SAFE_HAVEN_BREAKOUT,D1_H4_40BAR_BREAKOUT,1,2013-12-02 20:00:00+00:00,2013-12-03 12:00:00+00:00,0.25,-1.000000000000007,symbol_cap
USDJPY,USDJPY_SAFE_HAVEN_BREAKOUT,D1_H4_40BAR_BREAKOUT,1,2013-12-03 08:00:00+00:00,2013-12-03 12:00:00+00:00,0.25,-0.9999999999999944,symbol_cap
USDJPY,USDJPY_SAFE_HAVEN_BREAKOUT,D1_H4_40BAR_BREAKOUT,1,2013-12-13 00:00:00+00:00,2013-12-13 16:00:00+00:00,0.25,-1.0,guard:new_cooldown
USDJPY,USDJPY_SAFE_HAVEN_BREAKOUT,D1_H4_40BAR_BREAKOUT,1,2013-12-19 00:00:00+00:00,2013-12-27 12:00:00+00:00,0.25,0.9394774853867938,guard:cooldown
USDJPY,USDJPY_SAFE_HAVEN_BREAKOUT,D1_H4_40BAR_BREAKOUT,1,2013-12-26 12:00:00+00:00,2013-12-31 04:00:00+00:00,0.25,0.38998681749217246,guard:cooldown
USDJPY,USDJPY_SAFE_HAVEN_BREAKOUT,D1_H4_40BAR_BREAKOUT,1,2013-12-27 20:00:00+00:00,2014-01-02 16:00:00+00:00,0.25,-0.99999999999999,guard:cooldown
USDJPY,USDJPY_SAFE_HAVEN_BREAKOUT,D1_H4_40BAR_BREAKOUT,1,2013-12-30 04:00:00+00:00,2013-12-30 20:00:00+00:00,0.25,-1.000000000000004,guard:cooldown
GBPUSD,GBPUSD_V10_PRECISION,PRIMARY_16UTC_BREAKOUT,1,2014-01-10 16:00:00+00:00,2014-01-13 12:00:00+00:00,0.5,-0.9999999999999918,symbol_cap
AUDUSD,AUDUSD_TREND_PULLBACK,D1_H4_EMA_PULLBACK_04_08UTC,1,2014-03-11 08:00:00+00:00,2014-03-11 20:00:00+00:00,0.25,-1.0000000000000209,symbol_cap
USDJPY,USDJPY_SAFE_HAVEN_BREAKOUT,D1_H4_40BAR_BREAKOUT,-1,2014-03-14 16:00:00+00:00,2014-03-17 12:00:00+00:00,0.25,-1.0000000000000042,guard:new_cooldown
AUDUSD,AUDUSD_TREND_PULLBACK,D1_H4_EMA_PULLBACK_04_08UTC,1,2014-03-17 08:00:00+00:00,2014-03-18 16:00:00+00:00,0.25,2.0,symbol_cap
AUDUSD,AUDUSD_TREND_PULLBACK,D1_H4_EMA_PULLBACK_04_08UTC,1,2014-03-24 08:00:00+00:00,2014-03-25 20:00:00+00:00,0.25,2.0,symbol_cap
USDJPY,USDJPY_SAFE_HAVEN_BREAKOUT,D1_H4_40BAR_BREAKOUT,1,2014-04-02 04:00:00+00:00,2014-04-04 20:00:00+00:00,0.25,-0.9999999999999996,guard:cooldown
GBPUSD,GBPUSD_V10_PRECISION,GBPUSD_SWING_V5_PULLBACK_ADDON,1,2014-04-08 16:00:00+00:00,2014-04-11 16:00:00+00:00,0.4,0.07196053781388807,symbol_cap
GBPUSD,GBPUSD_V10_PRECISION,SECONDARY_12UTC_BREAKOUT,1,2014-05-01 12:00:00+00:00,2014-05-02 16:00:00+00:00,0.4,-0.9999999999999676,symbol_cap
GBPUSD,GBPUSD_V10_PRECISION,PRIMARY_16UTC_BREAKOUT,1,2014-05-06 16:00:00+00:00,2014-05-08 00:00:00+00:00,0.5,-1.000000000000024,symbol_cap
USDJPY,USDJPY_SAFE_HAVEN_BREAKOUT,D1_H4_40BAR_BREAKOUT,-1,2014-05-06 16:00:00+00:00,2014-05-07 16:00:00+00:00,0.25,-1.0000000000000027,guard:probe_in_flight
USDJPY,USDJPY_SAFE_HAVEN_BREAKOUT,D1_H4_40BAR_BREAKOUT,-1,2014-05-06 20:00:00+00:00,2014-05-07 16:00:00+00:00,0.25,-0.9999999999999959,guard:probe_in_flight
USDJPY,USDJPY_SAFE_HAVEN_BREAKOUT,D1_H4_40BAR_BREAKOUT,-1,2014-05-07 08:00:00+00:00,2014-05-07 16:00:00+00:00,0.25,-0.9999999999999918,guard:probe_in_flight
USDJPY,USDJPY_SAFE_HAVEN_BREAKOUT,D1_H4_40BAR_BREAKOUT,-1,2014-05-19 12:00:00+00:00,2014-05-20 00:00:00+00:00,0.25,-1.0000000000000207,guard:new_cooldown
USDJPY,USDJPY_SAFE_HAVEN_BREAKOUT,D1_H4_40BAR_BREAKOUT,-1,2014-05-21 12:00:00+00:00,2014-05-21 16:00:00+00:00,0.25,-1.0000000000000102,guard:cooldown
USDJPY,USDJPY_SAFE_HAVEN_BREAKOUT,D1_H4_40BAR_BREAKOUT,-1,2014-06-12 20:00:00+00:00,2014-06-13 08:00:00+00:00,0.25,-0.9999999999999931,guard:cooldown
USDJPY,USDJPY_SAFE_HAVEN_BREAKOUT,D1_H4_40BAR_BREAKOUT,-1,2014-06-26 16:00:00+00:00,2014-07-01 12:00:00+00:00,0.25,-0.0,guard:cooldown
USDJPY,USDJPY_SAFE_HAVEN_BREAKOUT,D1_H4_40BAR_BREAKOUT,-1,2014-06-27 08:00:00+00:00,2014-07-02 04:00:00+00:00,0.25,-1.0000000000000298,guard:cooldown
USDJPY,USDJPY_SAFE_HAVEN_BREAKOUT,D1_H4_40BAR_BREAKOUT,-1,2014-06-30 04:00:00+00:00,2014-07-01 08:00:00+00:00,0.25,-0.9999999999999977,guard:cooldown
GBPUSD,GBPUSD_V10_PRECISION,PRIMARY_16UTC_BREAKOUT,1,2014-06-30 16:00:00+00:00,2014-07-01 20:00:00+00:00,0.5,3.0,symbol_cap
USDJPY,USDJPY_SAFE_HAVEN_BREAKOUT,D1_H4_40BAR_BREAKOUT,-1,2014-07-10 16:00:00+00:00,2014-07-14 08:00:00+00:00,0.25,-0.9999999999999942,guard:probe_in_flight
EURUSD,EURUSD_SWING_RETEST,H1_BREAKOUT_RETEST,-1,2014-07-17 08:00:00+00:00,2014-07-17 10:00:00+00:00,0.1,-1.0000000000000102,symbol_cap
USDJPY,USDJPY_SAFE_HAVEN_BREAKOUT,D1_H4_40BAR_BREAKOUT,1,2014-08-19 20:00:00+00:00,2014-08-21 00:00:00+00:00,0.15,3.0,symbol_cap
USDJPY,USDJPY_SAFE_HAVEN_BREAKOUT,D1_H4_40BAR_BREAKOUT,1,2014-08-20 00:00:00+00:00,2014-08-21 00:00:00+00:00,0.15,3.0,symbol_cap
USDJPY,USDJPY_SAFE_HAVEN_BREAKOUT,D1_H4_40BAR_BREAKOUT,1,2014-08-20 04:00:00+00:00,2014-08-21 00:00:00+00:00,0.15,3.0,symbol_cap
USDJPY,USDJPY_SAFE_HAVEN_BREAKOUT,D1_H4_40BAR_BREAKOUT,1,2014-08-20 08:00:00+00:00,2014-08-21 04:00:00+00:00,0.15,3.0,symbol_cap
USDJPY,USDJPY_SAFE_HAVEN_BREAKOUT,D1_H4_40BAR_BREAKOUT,1,2014-08-20 12:00:00+00:00,2014-08-22 16:00:00+00:00,0.15,0.9419667454536261,symbol_cap
USDJPY,USDJPY_SAFE_HAVEN_BREAKOUT,D1_H4_40BAR_BREAKOUT,1,2014-08-21 04:00:00+00:00,2014-08-21 20:00:00+00:00,0.25,-1.0000000000000124,symbol_cap
USDJPY,USDJPY_SAFE_HAVEN_BREAKOUT,D1_H4_40BAR_BREAKOUT,1,2014-09-02 00:00:00+00:00,2014-09-02 12:00:00+00:00,0.25,3.0,guard:new_cooldown
USDJPY,USDJPY_SAFE_HAVEN_BREAKOUT,D1_H4_40BAR_BREAKOUT,1,2014-09-02 04:00:00+00:00,2014-09-03 20:00:00+00:00,0.25,0.6574581423222817,guard:cooldown
USDJPY,USDJPY_SAFE_HAVEN_BREAKOUT,D1_H4_40BAR_BREAKOUT,1,2014-09-02 08:00:00+00:00,2014-09-03 20:00:00+00:00,0.25,0.13989325632377209,guard:cooldown
USDJPY,USDJPY_SAFE_HAVEN_BREAKOUT,D1_H4_40BAR_BREAKOUT,1,2014-09-02 12:00:00+00:00,2014-09-03 08:00:00+00:00,0.25,0.0,guard:cooldown
USDJPY,USDJPY_SAFE_HAVEN_BREAKOUT,D1_H4_40BAR_BREAKOUT,1,2014-09-02 20:00:00+00:00,2014-09-03 12:00:00+00:00,0.25,-0.9999999999999775,guard:cooldown
USDJPY,USDJPY_SAFE_HAVEN_BREAKOUT,D1_H4_40BAR_BREAKOUT,1,2014-09-08 20:00:00+00:00,2014-09-11 16:00:00+00:00,0.25,3.0,guard:cooldown
USDJPY,USDJPY_SAFE_HAVEN_BREAKOUT,D1_H4_40BAR_BREAKOUT,1,2014-09-09 08:00:00+00:00,2014-09-16 08:00:00+00:00,0.25,2.507007675977943,guard:cooldown
USDJPY,USDJPY_SAFE_HAVEN_BREAKOUT,D1_H4_40BAR_BREAKOUT,1,2014-09-09 20:00:00+00:00,2014-09-16 20:00:00+00:00,0.25,1.5394746776372226,guard:cooldown
USDJPY,USDJPY_SAFE_HAVEN_BREAKOUT,D1_H4_40BAR_BREAKOUT,1,2014-09-10 12:00:00+00:00,2014-09-17 12:00:00+00:00,0.25,1.5598033433913474,guard:cooldown
USDJPY,USDJPY_SAFE_HAVEN_BREAKOUT,D1_H4_40BAR_BREAKOUT,1,2014-09-11 08:00:00+00:00,2014-09-18 00:00:00+00:00,0.25,3.0,guard:cooldown
USDJPY,USDJPY_SAFE_HAVEN_BREAKOUT,D1_H4_40BAR_BREAKOUT,1,2014-09-12 04:00:00+00:00,2014-09-18 04:00:00+00:00,0.25,3.0,guard:cooldown
USDJPY,USDJPY_SAFE_HAVEN_BREAKOUT,D1_H4_40BAR_BREAKOUT,1,2014-09-17 20:00:00+00:00,2014-09-18 04:00:00+00:00,0.25,3.0,guard:cooldown
USDJPY,USDJPY_SAFE_HAVEN_BREAKOUT,D1_H4_40BAR_BREAKOUT,1,2014-09-18 00:00:00+00:00,2014-09-23 12:00:00+00:00,0.25,0.0,guard:cooldown
USDJPY,USDJPY_SAFE_HAVEN_BREAKOUT,D1_H4_40BAR_BREAKOUT,1,2014-09-18 04:00:00+00:00,2014-09-23 12:00:00+00:00,0.25,0.0,guard:cooldown
USDJPY,USDJPY_SAFE_HAVEN_BREAKOUT,D1_H4_40BAR_BREAKOUT,1,2014-09-18 08:00:00+00:00,2014-09-19 12:00:00+00:00,0.25,0.0,guard:cooldown
USDJPY,USDJPY_SAFE_HAVEN_BREAKOUT,D1_H4_40BAR_BREAKOUT,1,2014-09-19 04:00:00+00:00,2014-09-19 16:00:00+00:00,0.25,-1.0000000000000087,guard:cooldown
USDJPY,USDJPY_SAFE_HAVEN_BREAKOUT,D1_H4_40BAR_BREAKOUT,1,2014-09-29 08:00:00+00:00,2014-09-29 16:00:00+00:00,0.25,-1.0000000000000022,guard:cooldown
USDJPY,USDJPY_SAFE_HAVEN_BREAKOUT,D1_H4_40BAR_BREAKOUT,1,2014-10-01 04:00:00+00:00,2014-10-01 20:00:00+00:00,0.25,-1.0000000000000098,guard:cooldown
GBPUSD,GBPUSD_V10_PRECISION,GBPUSD_SWING_V5_PULLBACK_ADDON,-1,2014-10-02 16:00:00+00:00,2014-10-03 16:00:00+00:00,0.4,2.5,symbol_cap
USDJPY,USDJPY_SAFE_HAVEN_BREAKOUT,D1_H4_40BAR_BREAKOUT,1,2014-10-30 04:00:00+00:00,2014-10-31 08:00:00+00:00,0.25,3.0,guard:probe_in_flight
USDJPY,USDJPY_SAFE_HAVEN_BREAKOUT,D1_H4_40BAR_BREAKOUT,1,2014-10-30 08:00:00+00:00,2014-10-31 08:00:00+00:00,0.25,3.0,guard:probe_in_flight
USDJPY,USDJPY_SAFE_HAVEN_BREAKOUT,D1_H4_40BAR_BREAKOUT,1,2014-10-31 12:00:00+00:00,2014-11-03 16:00:00+00:00,0.25,3.0,symbol_cap
USDJPY,USDJPY_SAFE_HAVEN_BREAKOUT,D1_H4_40BAR_BREAKOUT,1,2014-10-31 16:00:00+00:00,2014-11-05 12:00:00+00:00,0.25,3.0,symbol_cap
USDJPY,USDJPY_SAFE_HAVEN_BREAKOUT,D1_H4_40BAR_BREAKOUT,1,2014-11-03 04:00:00+00:00,2014-11-06 04:00:00+00:00,0.25,3.0,symbol_cap
USDJPY,USDJPY_SAFE_HAVEN_BREAKOUT,D1_H4_40BAR_BREAKOUT,1,2014-11-03 16:00:00+00:00,2014-11-06 08:00:00+00:00,0.25,0.4370795611166007,symbol_cap
GBPUSD,GBPUSD_V10_PRECISION,GBPUSD_SWING_V5_PULLBACK_ADDON,-1,2014-11-05 12:00:00+00:00,2014-11-05 16:00:00+00:00,0.4,-0.9999999999999722,symbol_cap
USDJPY,USDJPY_SAFE_HAVEN_BREAKOUT,D1_H4_40BAR_BREAKOUT,1,2014-11-05 16:00:00+00:00,2014-11-06 12:00:00+00:00,0.25,0.0,symbol_cap
USDJPY,USDJPY_SAFE_HAVEN_BREAKOUT,D1_H4_40BAR_BREAKOUT,1,2014-11-06 04:00:00+00:00,2014-11-06 08:00:00+00:00,0.25,-1.0000000000000009,symbol_cap
USDJPY,USDJPY_SAFE_HAVEN_BREAKOUT,D1_H4_40BAR_BREAKOUT,1,2014-11-14 16:00:00+00:00,2014-11-17 04:00:00+00:00,0.25,-1.000000000000006,symbol_cap
USDJPY,USDJPY_SAFE_HAVEN_BREAKOUT,D1_H4_40BAR_BREAKOUT,1,2014-11-19 08:00:00+00:00,2014-11-20 16:00:00+00:00,0.25,0.7466658368545889,symbol_cap
USDJPY,USDJPY_SAFE_HAVEN_BREAKOUT,D1_H4_40BAR_BREAKOUT,1,2014-11-19 12:00:00+00:00,2014-11-20 16:00:00+00:00,0.25,0.3649381491529773,symbol_cap
USDJPY,USDJPY_SAFE_HAVEN_BREAKOUT,D1_H4_40BAR_BREAKOUT,1,2014-11-19 16:00:00+00:00,2014-11-20 16:00:00+00:00,0.25,0.16172229496300566,symbol_cap
USDJPY,USDJPY_SAFE_HAVEN_BREAKOUT,D1_H4_40BAR_BREAKOUT,1,2014-11-20 00:00:00+00:00,2014-11-20 16:00:00+00:00,0.25,0.0,symbol_cap
USDJPY,USDJPY_SAFE_HAVEN_BREAKOUT,D1_H4_40BAR_BREAKOUT,1,2014-11-20 08:00:00+00:00,2014-11-20 16:00:00+00:00,0.25,-0.9999999999999964,symbol_cap
USDJPY,USDJPY_SAFE_HAVEN_BREAKOUT,D1_H4_40BAR_BREAKOUT,1,2014-12-03 20:00:00+00:00,2014-12-05 16:00:00+00:00,0.25,3.0,max_positions
USDJPY,USDJPY_SAFE_HAVEN_BREAKOUT,D1_H4_40BAR_BREAKOUT,1,2014-12-04 08:00:00+00:00,2014-12-04 20:00:00+00:00,0.25,-0.9999999999999916,max_positions
EURUSD,EURUSD_SWING_RETEST,H1_BREAKOUT_RETEST,-1,2014-12-04 12:00:00+00:00,2014-12-04 16:00:00+00:00,0.1,-1.000000000000039,max_positions
USDJPY,USDJPY_SAFE_HAVEN_BREAKOUT,D1_H4_40BAR_BREAKOUT,1,2014-12-05 16:00:00+00:00,2014-12-08 12:00:00+00:00,0.25,0.0,symbol_cap
USDJPY,USDJPY_SAFE_HAVEN_BREAKOUT,D1_H4_40BAR_BREAKOUT,1,2014-12-05 20:00:00+00:00,2014-12-08 16:00:00+00:00,0.25,-0.9999999999999903,symbol_cap
USDJPY,USDJPY_SAFE_HAVEN_BREAKOUT,D1_H4_40BAR_BREAKOUT,1,2014-12-22 16:00:00+00:00,2014-12-30 12:00:00+00:00,0.25,0.0,symbol_cap
USDJPY,USDJPY_SAFE_HAVEN_BREAKOUT,D1_H4_40BAR_BREAKOUT,1,2014-12-23 00:00:00+00:00,2014-12-30 12:00:00+00:00,0.25,0.0,symbol_cap
USDJPY,USDJPY_SAFE_HAVEN_BREAKOUT,D1_H4_40BAR_BREAKOUT,1,2014-12-23 04:00:00+00:00,2014-12-30 12:00:00+00:00,0.25,-1.0000000000000069,symbol_cap
USDJPY,USDJPY_SAFE_HAVEN_BREAKOUT,D1_H4_40BAR_BREAKOUT,1,2014-12-23 16:00:00+00:00,2014-12-30 12:00:00+00:00,0.25,-1.0000000000000027,symbol_cap
USDJPY,USDJPY_SAFE_HAVEN_BREAKOUT,D1_H4_40BAR_BREAKOUT,1,2014-12-23 20:00:00+00:00,2014-12-30 12:00:00+00:00,0.25,-1.000000000000001,symbol_cap
GBPUSD,GBPUSD_V10_PRECISION,GBPUSD_SWING_V5_PULLBACK_ADDON,-1,2015-01-02 16:00:00+00:00,2015-01-05 04:00:00+00:00,0.4,2.5,symbol_cap
GBPUSD,GBPUSD_V10_PRECISION,PRIMARY_16UTC_BREAKOUT,-1,2015-01-02 16:00:00+00:00,2015-01-05 04:00:00+00:00,0.5,3.0,symbol_cap
USDJPY,USDJPY_SAFE_HAVEN_BREAKOUT,D1_H4_40BAR_BREAKOUT,1,2015-02-11 12:00:00+00:00,2015-02-12 12:00:00+00:00,0.25,0.0,symbol_cap
USDJPY,USDJPY_SAFE_HAVEN_BREAKOUT,D1_H4_40BAR_BREAKOUT,1,2015-02-11 20:00:00+00:00,2015-02-12 12:00:00+00:00,0.25,-0.999999999999998,symbol_cap
USDJPY,USDJPY_SAFE_HAVEN_BREAKOUT,D1_H4_40BAR_BREAKOUT,1,2015-02-12 00:00:00+00:00,2015-02-12 12:00:00+00:00,0.25,-1.0000000000000089,symbol_cap
USDJPY,USDJPY_SAFE_HAVEN_BREAKOUT,D1_H4_40BAR_BREAKOUT,1,2015-03-06 20:00:00+00:00,2015-03-10 16:00:00+00:00,0.25,0.6098463137470279,symbol_cap
USDJPY,USDJPY_SAFE_HAVEN_BREAKOUT,D1_H4_40BAR_BREAKOUT,1,2015-03-10 04:00:00+00:00,2015-03-10 16:00:00+00:00,0.25,-1.0000000000000093,symbol_cap
USDJPY,USDJPY_SAFE_HAVEN_BREAKOUT,D1_H4_40BAR_BREAKOUT,1,2015-03-10 08:00:00+00:00,2015-03-10 16:00:00+00:00,0.25,-1.0000000000000107,symbol_cap
GBPUSD,GBPUSD_V10_PRECISION,PRIMARY_16UTC_BREAKOUT,-1,2015-03-13 16:00:00+00:00,2015-03-16 16:00:00+00:00,0.5,-1.0000000000000142,symbol_cap
EURUSD,EURUSD_SWING_RETEST,H1_BREAKOUT_RETEST,-1,2015-04-11 00:00:00+00:00,2015-04-13 16:00:00+00:00,0.1,1.4579175674036422,symbol_cap
USDJPY,USDJPY_SAFE_HAVEN_BREAKOUT,D1_H4_40BAR_BREAKOUT,1,2015-04-13 12:00:00+00:00,2015-04-13 16:00:00+00:00,0.25,-0.9999999999999966,max_positions
AUDUSD,AUDUSD_TREND_PULLBACK,D1_H4_EMA_PULLBACK_04_08UTC,-1,2015-04-14 08:00:00+00:00,2015-04-14 20:00:00+00:00,0.25,-0.9999999999999907,symbol_cap
USDJPY,USDJPY_SAFE_HAVEN_BREAKOUT,D1_H4_40BAR_BREAKOUT,1,2015-05-19 20:00:00+00:00,2015-05-22 08:00:00+00:00,0.25,0.31697559075982695,symbol_cap
USDJPY,USDJPY_SAFE_HAVEN_BREAKOUT,D1_H4_40BAR_BREAKOUT,1,2015-05-20 04:00:00+00:00,2015-05-21 12:00:00+00:00,0.25,0.0,symbol_cap
USDJPY,USDJPY_SAFE_HAVEN_BREAKOUT,D1_H4_40BAR_BREAKOUT,1,2015-05-20 08:00:00+00:00,2015-05-21 00:00:00+00:00,0.25,0.0,symbol_cap
USDJPY,USDJPY_SAFE_HAVEN_BREAKOUT,D1_H4_40BAR_BREAKOUT,1,2015-05-20 20:00:00+00:00,2015-05-22 08:00:00+00:00,0.25,-0.999999999999996,symbol_cap
USDJPY,USDJPY_SAFE_HAVEN_BREAKOUT,D1_H4_40BAR_BREAKOUT,1,2015-05-25 04:00:00+00:00,2015-05-26 16:00:00+00:00,0.25,3.0,symbol_cap
USDJPY,USDJPY_SAFE_HAVEN_BREAKOUT,D1_H4_40BAR_BREAKOUT,1,2015-05-26 08:00:00+00:00,2015-05-26 16:00:00+00:00,0.25,3.0,symbol_cap
USDJPY,USDJPY_SAFE_HAVEN_BREAKOUT,D1_H4_40BAR_BREAKOUT,1,2015-05-26 12:00:00+00:00,2015-05-27 12:00:00+00:00,0.25,0.0,symbol_cap
USDJPY,USDJPY_SAFE_HAVEN_BREAKOUT,D1_H4_40BAR_BREAKOUT,1,2015-05-27 16:00:00+00:00,2015-05-28 12:00:00+00:00,0.25,0.0,symbol_cap
USDJPY,USDJPY_SAFE_HAVEN_BREAKOUT,D1_H4_40BAR_BREAKOUT,1,2015-05-27 20:00:00+00:00,2015-05-29 00:00:00+00:00,0.25,0.0,symbol_cap
USDJPY,USDJPY_SAFE_HAVEN_BREAKOUT,D1_H4_40BAR_BREAKOUT,1,2015-07-14 04:00:00+00:00,2015-07-14 16:00:00+00:00,0.25,-1.0000000000000062,symbol_cap
USDJPY,USDJPY_SAFE_HAVEN_BREAKOUT,D1_H4_40BAR_BREAKOUT,1,2015-07-15 16:00:00+00:00,2015-07-21 20:00:00+00:00,0.25,0.5557764447358695,symbol_cap
USDJPY,USDJPY_SAFE_HAVEN_BREAKOUT,D1_H4_40BAR_BREAKOUT,1,2015-07-15 20:00:00+00:00,2015-07-21 20:00:00+00:00,0.25,0.30233546458424837,symbol_cap
USDJPY,USDJPY_SAFE_HAVEN_BREAKOUT,D1_H4_40BAR_BREAKOUT,1,2015-07-16 16:00:00+00:00,2015-07-22 08:00:00+00:00,0.25,-1.000000000000015,symbol_cap
USDJPY,USDJPY_SAFE_HAVEN_BREAKOUT,D1_H4_40BAR_BREAKOUT,1,2015-07-17 04:00:00+00:00,2015-07-21 20:00:00+00:00,0.25,-0.9999999999999948,symbol_cap
USDJPY,USDJPY_SAFE_HAVEN_BREAKOUT,D1_H4_40BAR_BREAKOUT,1,2015-07-21 08:00:00+00:00,2015-07-21 20:00:00+00:00,0.25,-0.9999999999999934,symbol_cap
USDJPY,USDJPY_SAFE_HAVEN_BREAKOUT,D1_H4_40BAR_BREAKOUT,1,2015-08-11 20:00:00+00:00,2015-08-12 12:00:00+00:00,0.25,-0.9999999999999829,guard:new_cooldown
USDJPY,USDJPY_SAFE_HAVEN_BREAKOUT,D1_H4_40BAR_BREAKOUT,-1,2015-09-18 12:00:00+00:00,2015-09-18 20:00:00+00:00,0.25,-1.0000000000000098,guard:cooldown
GBPUSD,GBPUSD_SWING_RETEST,H4_BREAKOUT_RETEST,-1,2015-09-25 04:00:00+00:00,2015-09-28 12:00:00+00:00,0.15,-0.0,gbp_cap
USDJPY,USDJPY_SAFE_HAVEN_BREAKOUT,D1_H4_40BAR_BREAKOUT,-1,2015-10-13 16:00:00+00:00,2015-10-15 12:00:00+00:00,0.25,3.0,guard:new_cooldown
USDJPY,USDJPY_SAFE_HAVEN_BREAKOUT,D1_H4_40BAR_BREAKOUT,-1,2015-10-14 04:00:00+00:00,2015-10-15 12:00:00+00:00,0.25,3.0,guard:cooldown
USDJPY,USDJPY_SAFE_HAVEN_BREAKOUT,D1_H4_40BAR_BREAKOUT,-1,2015-10-14 12:00:00+00:00,2015-10-15 12:00:00+00:00,0.25,3.0,guard:cooldown
USDJPY,USDJPY_SAFE_HAVEN_BREAKOUT,D1_H4_40BAR_BREAKOUT,-1,2015-10-14 16:00:00+00:00,2015-10-15 12:00:00+00:00,0.25,3.0,guard:cooldown
USDJPY,USDJPY_SAFE_HAVEN_BREAKOUT,D1_H4_40BAR_BREAKOUT,-1,2015-10-14 20:00:00+00:00,2015-10-16 04:00:00+00:00,0.25,0.3121161460118131,guard:cooldown
USDJPY,USDJPY_SAFE_HAVEN_BREAKOUT,D1_H4_40BAR_BREAKOUT,-1,2015-10-15 00:00:00+00:00,2015-10-16 00:00:00+00:00,0.25,-0.0,guard:cooldown
USDJPY,USDJPY_SAFE_HAVEN_BREAKOUT,D1_H4_40BAR_BREAKOUT,-1,2015-10-15 12:00:00+00:00,2015-10-16 00:00:00+00:00,0.25,-1.0000000000000124,guard:cooldown
USDJPY,USDJPY_SAFE_HAVEN_BREAKOUT,D1_H4_40BAR_BREAKOUT,1,2015-11-09 04:00:00+00:00,2015-11-11 04:00:00+00:00,0.25,-0.9999999999999887,guard:cooldown
USDJPY,USDJPY_SAFE_HAVEN_BREAKOUT,D1_H4_40BAR_BREAKOUT,1,2015-11-09 12:00:00+00:00,2015-11-09 20:00:00+00:00,0.25,-1.0000000000000093,guard:cooldown
USDJPY,USDJPY_SAFE_HAVEN_BREAKOUT,D1_H4_40BAR_BREAKOUT,1,2015-11-19 00:00:00+00:00,2015-11-19 08:00:00+00:00,0.25,-1.0000000000000189,guard:cooldown
USDJPY,USDJPY_SAFE_HAVEN_BREAKOUT,D1_H4_40BAR_BREAKOUT,1,2015-12-02 20:00:00+00:00,2015-12-03 00:00:00+00:00,0.25,-0.9999999999999889,guard:probe_in_flight
USDJPY,USDJPY_SAFE_HAVEN_BREAKOUT,D1_H4_40BAR_BREAKOUT,-1,2015-12-24 08:00:00+00:00,2016-01-04 08:00:00+00:00,0.25,3.0,guard:new_cooldown
USDJPY,USDJPY_SAFE_HAVEN_BREAKOUT,D1_H4_40BAR_BREAKOUT,-1,2015-12-24 12:00:00+00:00,2016-01-04 12:00:00+00:00,0.25,3.0,guard:cooldown
AUDUSD,AUDUSD_TREND_PULLBACK,D1_H4_EMA_PULLBACK_04_08UTC,1,2015-12-31 04:00:00+00:00,2015-12-31 20:00:00+00:00,0.25,0.0,symbol_cap
USDJPY,USDJPY_SAFE_HAVEN_BREAKOUT,D1_H4_40BAR_BREAKOUT,-1,2016-01-04 08:00:00+00:00,2016-01-04 20:00:00+00:00,0.25,-0.0,guard:cooldown
USDJPY,USDJPY_SAFE_HAVEN_BREAKOUT,D1_H4_40BAR_BREAKOUT,-1,2016-01-04 12:00:00+00:00,2016-01-04 16:00:00+00:00,0.25,-1.0000000000000036,guard:cooldown
USDJPY,USDJPY_SAFE_HAVEN_BREAKOUT,D1_H4_40BAR_BREAKOUT,-1,2016-01-06 04:00:00+00:00,2016-01-08 04:00:00+00:00,0.25,0.18252270732857562,guard:cooldown
USDJPY,USDJPY_SAFE_HAVEN_BREAKOUT,D1_H4_40BAR_BREAKOUT,-1,2016-01-07 04:00:00+00:00,2016-01-08 04:00:00+00:00,0.25,-0.9999999999999929,guard:cooldown
USDJPY,USDJPY_SAFE_HAVEN_BREAKOUT,D1_H4_40BAR_BREAKOUT,-1,2016-01-07 12:00:00+00:00,2016-01-07 20:00:00+00:00,0.25,-1.0000000000000009,guard:cooldown
USDJPY,USDJPY_SAFE_HAVEN_BREAKOUT,D1_H4_40BAR_BREAKOUT,-1,2016-01-09 00:00:00+00:00,2016-01-11 12:00:00+00:00,0.25,-1.0000000000000053,guard:cooldown
USDJPY,USDJPY_SAFE_HAVEN_BREAKOUT,D1_H4_40BAR_BREAKOUT,-1,2016-01-11 04:00:00+00:00,2016-01-12 04:00:00+00:00,0.25,-1.000000000000001,guard:cooldown
GBPUSD,GBPUSD_V10_PRECISION,PRIMARY_16UTC_BREAKOUT,-1,2016-01-12 16:00:00+00:00,2016-01-13 00:00:00+00:00,0.5,-0.0,symbol_cap
AUDUSD,AUDUSD_TREND_PULLBACK,D1_H4_EMA_PULLBACK_04_08UTC,-1,2016-01-20 08:00:00+00:00,2016-01-21 00:00:00+00:00,0.25,-1.000000000000006,symbol_cap
GBPJPY,GBPJPY_SWING_CORE,H4_DONCHIAN_BREAKOUT,-1,2016-01-20 08:00:00+00:00,2016-01-20 16:00:00+00:00,0.15,-0.0,gbp_cap
USDJPY,USDJPY_SAFE_HAVEN_BREAKOUT,D1_H4_40BAR_BREAKOUT,-1,2016-02-04 20:00:00+00:00,2016-02-10 20:00:00+00:00,0.25,3.0,guard:cooldown
USDJPY,USDJPY_SAFE_HAVEN_BREAKOUT,D1_H4_40BAR_BREAKOUT,-1,2016-02-09 08:00:00+00:00,2016-02-11 12:00:00+00:00,0.25,3.0,guard:probe_in_flight
USDJPY,USDJPY_SAFE_HAVEN_BREAKOUT,D1_H4_40BAR_BREAKOUT,-1,2016-02-10 20:00:00+00:00,2016-02-11 16:00:00+00:00,0.25,0.9226997577777032,guard:probe_in_flight
USDJPY,USDJPY_SAFE_HAVEN_BREAKOUT,D1_H4_40BAR_BREAKOUT,-1,2016-02-11 00:00:00+00:00,2016-02-11 16:00:00+00:00,0.25,0.2124421288284648,guard:probe_in_flight
USDJPY,USDJPY_SAFE_HAVEN_BREAKOUT,D1_H4_40BAR_BREAKOUT,-1,2016-02-11 12:00:00+00:00,2016-02-11 16:00:00+00:00,0.25,-1.0000000000000027,symbol_cap
GBPUSD,GBPUSD_V10_PRECISION,PRIMARY_16UTC_BREAKOUT,-1,2016-02-22 16:00:00+00:00,2016-03-01 16:00:00+00:00,0.5,0.6140949104073414,symbol_cap
AUDUSD,AUDUSD_TREND_PULLBACK,D1_H4_EMA_PULLBACK_04_08UTC,1,2016-03-11 08:00:00+00:00,2016-03-11 20:00:00+00:00,0.25,2.0,symbol_cap
USDJPY,USDJPY_SAFE_HAVEN_BREAKOUT,D1_H4_40BAR_BREAKOUT,-1,2016-03-17 12:00:00+00:00,2016-03-22 20:00:00+00:00,0.25,-1.0000000000000009,symbol_cap
USDJPY,USDJPY_SAFE_HAVEN_BREAKOUT,D1_H4_40BAR_BREAKOUT,-1,2016-04-02 00:00:00+00:00,2016-04-06 20:00:00+00:00,0.25,3.0,symbol_cap
USDJPY,USDJPY_SAFE_HAVEN_BREAKOUT,D1_H4_40BAR_BREAKOUT,-1,2016-04-04 04:00:00+00:00,2016-04-06 20:00:00+00:00,0.25,3.0,symbol_cap
USDJPY,USDJPY_SAFE_HAVEN_BREAKOUT,D1_H4_40BAR_BREAKOUT,-1,2016-04-04 20:00:00+00:00,2016-04-07 00:00:00+00:00,0.25,3.0,symbol_cap
USDJPY,USDJPY_SAFE_HAVEN_BREAKOUT,D1_H4_40BAR_BREAKOUT,-1,2016-04-05 04:00:00+00:00,2016-04-07 08:00:00+00:00,0.25,3.0,symbol_cap
USDJPY,USDJPY_SAFE_HAVEN_BREAKOUT,D1_H4_40BAR_BREAKOUT,-1,2016-04-05 08:00:00+00:00,2016-04-07 08:00:00+00:00,0.25,3.0,symbol_cap
USDJPY,USDJPY_SAFE_HAVEN_BREAKOUT,D1_H4_40BAR_BREAKOUT,-1,2016-04-05 12:00:00+00:00,2016-04-07 12:00:00+00:00,0.25,3.0,symbol_cap
USDJPY,USDJPY_SAFE_HAVEN_BREAKOUT,D1_H4_40BAR_BREAKOUT,-1,2016-04-06 20:00:00+00:00,2016-04-07 20:00:00+00:00,0.25,3.0,symbol_cap
USDJPY,USDJPY_SAFE_HAVEN_BREAKOUT,D1_H4_40BAR_BREAKOUT,-1,2016-04-07 08:00:00+00:00,2016-04-08 12:00:00+00:00,0.25,-0.0,symbol_cap
USDJPY,USDJPY_SAFE_HAVEN_BREAKOUT,D1_H4_40BAR_BREAKOUT,-1,2016-04-07 16:00:00+00:00,2016-04-08 12:00:00+00:00,0.25,-0.9999999999999928,symbol_cap
USDJPY,USDJPY_SAFE_HAVEN_BREAKOUT,D1_H4_40BAR_BREAKOUT,-1,2016-04-29 08:00:00+00:00,2016-05-04 04:00:00+00:00,0.25,0.5976057600973397,symbol_cap
USDJPY,USDJPY_SAFE_HAVEN_BREAKOUT,D1_H4_40BAR_BREAKOUT,-1,2016-04-29 20:00:00+00:00,2016-05-04 04:00:00+00:00,0.25,0.16338768252301572,symbol_cap
USDJPY,USDJPY_SAFE_HAVEN_BREAKOUT,D1_H4_40BAR_BREAKOUT,-1,2016-04-30 00:00:00+00:00,2016-05-04 04:00:00+00:00,0.25,-0.9999999999999982,symbol_cap
USDJPY,USDJPY_SAFE_HAVEN_BREAKOUT,D1_H4_40BAR_BREAKOUT,-1,2016-05-03 04:00:00+00:00,2016-05-04 04:00:00+00:00,0.25,-0.9999999999999968,max_positions
USDJPY,USDJPY_SAFE_HAVEN_BREAKOUT,D1_H4_40BAR_BREAKOUT,-1,2016-05-03 08:00:00+00:00,2016-05-04 04:00:00+00:00,0.25,-1.0000000000000013,max_positions
USDJPY,USDJPY_SAFE_HAVEN_BREAKOUT,D1_H4_40BAR_BREAKOUT,-1,2016-05-03 12:00:00+00:00,2016-05-04 00:00:00+00:00,0.25,-1.0000000000000082,symbol_cap
AUDUSD,AUDUSD_TREND_PULLBACK,D1_H4_EMA_PULLBACK_04_08UTC,-1,2016-05-18 08:00:00+00:00,2016-05-19 08:00:00+00:00,0.25,2.0,symbol_cap
GBPUSD,GBPUSD_V10_PRECISION,SECONDARY_12UTC_BREAKOUT,1,2016-05-19 12:00:00+00:00,2016-05-20 12:00:00+00:00,0.4,-1.000000000000005,symbol_cap
AUDUSD,AUDUSD_TREND_PULLBACK,D1_H4_EMA_PULLBACK_04_08UTC,-1,2016-05-24 08:00:00+00:00,2016-05-25 08:00:00+00:00,0.25,-0.0,symbol_cap
USDJPY,USDJPY_SAFE_HAVEN_BREAKOUT,D1_H4_40BAR_BREAKOUT,-1,2016-06-03 16:00:00+00:00,2016-06-07 00:00:00+00:00,0.25,0.0344232672066256,symbol_cap
USDJPY,USDJPY_SAFE_HAVEN_BREAKOUT,D1_H4_40BAR_BREAKOUT,-1,2016-06-04 00:00:00+00:00,2016-06-06 20:00:00+00:00,0.25,-1.000000000000003,max_positions
USDJPY,USDJPY_SAFE_HAVEN_BREAKOUT,D1_H4_40BAR_BREAKOUT,-1,2016-06-16 08:00:00+00:00,2016-06-22 00:00:00+00:00,0.25,-0.9999999999999974,symbol_cap
USDJPY,USDJPY_SAFE_HAVEN_BREAKOUT,D1_H4_40BAR_BREAKOUT,-1,2016-07-06 08:00:00+00:00,2016-07-06 20:00:00+00:00,0.25,-0.0,symbol_cap
USDJPY,USDJPY_SAFE_HAVEN_BREAKOUT,D1_H4_40BAR_BREAKOUT,-1,2016-08-02 16:00:00+00:00,2016-08-08 12:00:00+00:00,0.25,-1.0000000000000033,symbol_cap
USDJPY,USDJPY_SAFE_HAVEN_BREAKOUT,D1_H4_40BAR_BREAKOUT,-1,2016-08-02 20:00:00+00:00,2016-08-05 20:00:00+00:00,0.25,-1.0000000000000009,symbol_cap
GBPUSD,GBPUSD_SWING_RETEST,H4_BREAKOUT_RETEST,-1,2016-08-09 16:00:00+00:00,2016-08-10 04:00:00+00:00,0.15,-1.0000000000000075,symbol_cap
USDJPY,USDJPY_SAFE_HAVEN_BREAKOUT,D1_H4_40BAR_BREAKOUT,-1,2016-08-16 12:00:00+00:00,2016-08-16 20:00:00+00:00,0.25,-0.0,symbol_cap
USDJPY,USDJPY_SAFE_HAVEN_BREAKOUT,D1_H4_40BAR_BREAKOUT,-1,2016-08-16 16:00:00+00:00,2016-08-17 04:00:00+00:00,0.25,-1.0000000000000098,symbol_cap
USDJPY,USDJPY_SAFE_HAVEN_BREAKOUT,D1_H4_40BAR_BREAKOUT,-1,2016-09-22 00:00:00+00:00,2016-09-23 04:00:00+00:00,0.25,-1.0000000000000042,symbol_cap
USDJPY,USDJPY_SAFE_HAVEN_BREAKOUT,D1_H4_40BAR_BREAKOUT,-1,2016-09-22 04:00:00+00:00,2016-09-23 00:00:00+00:00,0.25,-1.0000000000000069,symbol_cap
AUDUSD,AUDUSD_TREND_PULLBACK,D1_H4_EMA_PULLBACK_04_08UTC,1,2016-09-27 08:00:00+00:00,2016-09-29 12:00:00+00:00,0.25,0.0,symbol_cap
USDJPY,USDJPY_SAFE_HAVEN_BREAKOUT,D1_H4_40BAR_BREAKOUT,1,2016-11-10 12:00:00+00:00,2016-11-17 12:00:00+00:00,0.25,2.419290142321604,symbol_cap
USDJPY,USDJPY_SAFE_HAVEN_BREAKOUT,D1_H4_40BAR_BREAKOUT,1,2016-11-10 16:00:00+00:00,2016-11-17 16:00:00+00:00,0.25,2.4060987167778425,symbol_cap
USDJPY,USDJPY_SAFE_HAVEN_BREAKOUT,D1_H4_40BAR_BREAKOUT,1,2016-11-14 04:00:00+00:00,2016-11-18 04:00:00+00:00,0.25,3.0,symbol_cap
USDJPY,USDJPY_SAFE_HAVEN_BREAKOUT,D1_H4_40BAR_BREAKOUT,1,2016-11-14 08:00:00+00:00,2016-11-18 04:00:00+00:00,0.25,3.0,symbol_cap
USDJPY,USDJPY_SAFE_HAVEN_BREAKOUT,D1_H4_40BAR_BREAKOUT,1,2016-11-14 12:00:00+00:00,2016-11-18 08:00:00+00:00,0.25,3.0,symbol_cap
USDJPY,USDJPY_SAFE_HAVEN_BREAKOUT,D1_H4_40BAR_BREAKOUT,1,2016-11-15 16:00:00+00:00,2016-11-17 04:00:00+00:00,0.25,0.0,symbol_cap
USDJPY,USDJPY_SAFE_HAVEN_BREAKOUT,D1_H4_40BAR_BREAKOUT,1,2016-11-15 20:00:00+00:00,2016-11-17 04:00:00+00:00,0.25,0.0,symbol_cap
USDJPY,USDJPY_SAFE_HAVEN_BREAKOUT,D1_H4_40BAR_BREAKOUT,1,2016-11-16 12:00:00+00:00,2016-11-17 04:00:00+00:00,0.25,-1.0000000000000042,symbol_cap
USDJPY,USDJPY_SAFE_HAVEN_BREAKOUT,D1_H4_40BAR_BREAKOUT,1,2016-11-17 20:00:00+00:00,2016-11-18 16:00:00+00:00,0.25,0.0,symbol_cap
USDJPY,USDJPY_SAFE_HAVEN_BREAKOUT,D1_H4_40BAR_BREAKOUT,1,2016-11-18 00:00:00+00:00,2016-11-23 20:00:00+00:00,0.25,3.0,symbol_cap
USDJPY,USDJPY_SAFE_HAVEN_BREAKOUT,D1_H4_40BAR_BREAKOUT,1,2016-11-18 04:00:00+00:00,2016-11-21 12:00:00+00:00,0.25,0.0,symbol_cap
USDJPY,USDJPY_SAFE_HAVEN_BREAKOUT,D1_H4_40BAR_BREAKOUT,1,2016-11-18 08:00:00+00:00,2016-11-18 16:00:00+00:00,0.25,-1.0000000000000007,symbol_cap
USDJPY,USDJPY_SAFE_HAVEN_BREAKOUT,D1_H4_40BAR_BREAKOUT,1,2016-11-23 20:00:00+00:00,2016-11-25 12:00:00+00:00,0.25,0.22096988963838135,symbol_cap
USDJPY,USDJPY_SAFE_HAVEN_BREAKOUT,D1_H4_40BAR_BREAKOUT,1,2016-11-25 04:00:00+00:00,2016-11-25 12:00:00+00:00,0.25,-0.9999999999999982,symbol_cap
USDJPY,USDJPY_SAFE_HAVEN_BREAKOUT,D1_H4_40BAR_BREAKOUT,1,2016-12-09 20:00:00+00:00,2016-12-12 20:00:00+00:00,0.25,0.0,symbol_cap
USDJPY,USDJPY_SAFE_HAVEN_BREAKOUT,D1_H4_40BAR_BREAKOUT,1,2016-12-12 04:00:00+00:00,2016-12-15 04:00:00+00:00,0.25,3.0,symbol_cap
USDJPY,USDJPY_SAFE_HAVEN_BREAKOUT,D1_H4_40BAR_BREAKOUT,1,2016-12-12 12:00:00+00:00,2016-12-12 20:00:00+00:00,0.25,-0.9999999999999954,symbol_cap
USDJPY,USDJPY_SAFE_HAVEN_BREAKOUT,D1_H4_40BAR_BREAKOUT,1,2016-12-15 04:00:00+00:00,2016-12-19 04:00:00+00:00,0.25,0.0,symbol_cap
USDJPY,USDJPY_SAFE_HAVEN_BREAKOUT,D1_H4_40BAR_BREAKOUT,1,2016-12-15 12:00:00+00:00,2016-12-19 12:00:00+00:00,0.25,-1.0000000000000067,symbol_cap
GBPUSD,GBPUSD_V10_PRECISION,SECONDARY_12UTC_BREAKOUT,-1,2017-01-09 12:00:00+00:00,2017-01-12 00:00:00+00:00,0.4,-0.0,symbol_cap
AUDUSD,AUDUSD_TREND_PULLBACK,D1_H4_EMA_PULLBACK_04_08UTC,1,2017-02-07 08:00:00+00:00,2017-02-07 12:00:00+00:00,0.25,-0.9999999999999846,symbol_cap
USDJPY,USDJPY_SAFE_HAVEN_BREAKOUT,D1_H4_40BAR_BREAKOUT,1,2017-02-15 16:00:00+00:00,2017-02-15 20:00:00+00:00,0.15,-0.9999999999999961,symbol_cap
USDJPY,USDJPY_SAFE_HAVEN_BREAKOUT,D1_H4_40BAR_BREAKOUT,-1,2017-02-24 16:00:00+00:00,2017-02-28 00:00:00+00:00,0.15,-0.999999999999988,symbol_cap
USDJPY,USDJPY_SAFE_HAVEN_BREAKOUT,D1_H4_40BAR_BREAKOUT,-1,2017-02-25 00:00:00+00:00,2017-02-28 00:00:00+00:00,0.15,-0.999999999999996,symbol_cap
USDJPY,USDJPY_SAFE_HAVEN_BREAKOUT,D1_H4_40BAR_BREAKOUT,1,2017-03-10 04:00:00+00:00,2017-03-11 00:00:00+00:00,0.25,-1.0000000000000036,symbol_cap
USDJPY,USDJPY_SAFE_HAVEN_BREAKOUT,D1_H4_40BAR_BREAKOUT,1,2017-03-10 08:00:00+00:00,2017-03-10 20:00:00+00:00,0.25,-1.0000000000000135,symbol_cap
USDJPY,USDJPY_SAFE_HAVEN_BREAKOUT,D1_H4_40BAR_BREAKOUT,-1,2017-03-22 16:00:00+00:00,2017-03-23 04:00:00+00:00,0.25,-1.0000000000000078,symbol_cap
USDJPY,USDJPY_SAFE_HAVEN_BREAKOUT,D1_H4_40BAR_BREAKOUT,-1,2017-03-22 20:00:00+00:00,2017-03-23 04:00:00+00:00,0.25,-1.000000000000005,symbol_cap
USDJPY,USDJPY_SAFE_HAVEN_BREAKOUT,D1_H4_40BAR_BREAKOUT,-1,2017-04-12 00:00:00+00:00,2017-04-18 00:00:00+00:00,0.15,1.2433623154676037,symbol_cap
USDJPY,USDJPY_SAFE_HAVEN_BREAKOUT,D1_H4_40BAR_BREAKOUT,-1,2017-04-12 04:00:00+00:00,2017-04-18 00:00:00+00:00,0.15,0.9014082577298478,symbol_cap
USDJPY,USDJPY_SAFE_HAVEN_BREAKOUT,D1_H4_40BAR_BREAKOUT,-1,2017-04-13 00:00:00+00:00,2017-04-18 00:00:00+00:00,0.15,0.16521788639130175,symbol_cap
USDJPY,USDJPY_SAFE_HAVEN_BREAKOUT,D1_H4_40BAR_BREAKOUT,-1,2017-04-13 04:00:00+00:00,2017-04-18 00:00:00+00:00,0.15,-0.0,symbol_cap
USDJPY,USDJPY_SAFE_HAVEN_BREAKOUT,D1_H4_40BAR_BREAKOUT,-1,2017-04-14 16:00:00+00:00,2017-04-18 04:00:00+00:00,0.15,-0.9999999999999936,symbol_cap
USDJPY,USDJPY_SAFE_HAVEN_BREAKOUT,D1_H4_40BAR_BREAKOUT,-1,2017-04-15 00:00:00+00:00,2017-04-18 00:00:00+00:00,0.15,-0.0,symbol_cap
USDJPY,USDJPY_SAFE_HAVEN_BREAKOUT,D1_H4_40BAR_BREAKOUT,-1,2017-04-17 04:00:00+00:00,2017-04-18 00:00:00+00:00,0.15,-1.0000000000000122,max_positions
GBPUSD,GBPUSD_V10_PRECISION,PRIMARY_16UTC_BREAKOUT,1,2017-04-18 16:00:00+00:00,2017-04-19 00:00:00+00:00,0.5,3.0,symbol_cap
USDJPY,USDJPY_SAFE_HAVEN_BREAKOUT,D1_H4_40BAR_BREAKOUT,-1,2017-06-06 04:00:00+00:00,2017-06-08 00:00:00+00:00,0.25,0.7900985301456966,symbol_cap
USDJPY,USDJPY_SAFE_HAVEN_BREAKOUT,D1_H4_40BAR_BREAKOUT,-1,2017-06-06 08:00:00+00:00,2017-06-08 00:00:00+00:00,0.25,0.15571859640238533,symbol_cap
USDJPY,USDJPY_SAFE_HAVEN_BREAKOUT,D1_H4_40BAR_BREAKOUT,-1,2017-06-06 12:00:00+00:00,2017-06-08 00:00:00+00:00,0.25,-0.0,symbol_cap
USDJPY,USDJPY_SAFE_HAVEN_BREAKOUT,D1_H4_40BAR_BREAKOUT,-1,2017-06-06 16:00:00+00:00,2017-06-08 04:00:00+00:00,0.25,-0.9999999999999909,symbol_cap
USDJPY,USDJPY_SAFE_HAVEN_BREAKOUT,D1_H4_40BAR_BREAKOUT,-1,2017-06-07 12:00:00+00:00,2017-06-07 20:00:00+00:00,0.25,-0.9999999999999993,symbol_cap
AUDUSD,AUDUSD_TREND_PULLBACK,D1_H4_EMA_PULLBACK_04_08UTC,1,2017-06-26 08:00:00+00:00,2017-06-27 12:00:00+00:00,0.25,2.0,symbol_cap
AUDUSD,AUDUSD_TREND_PULLBACK,D1_H4_EMA_PULLBACK_04_08UTC,1,2017-06-27 08:00:00+00:00,2017-06-27 16:00:00+00:00,0.25,0.0,symbol_cap
USDJPY,USDJPY_SAFE_HAVEN_BREAKOUT,D1_H4_40BAR_BREAKOUT,1,2017-07-03 20:00:00+00:00,2017-07-04 12:00:00+00:00,0.25,-0.9999999999999946,symbol_cap
USDJPY,USDJPY_SAFE_HAVEN_BREAKOUT,D1_H4_40BAR_BREAKOUT,1,2017-07-05 12:00:00+00:00,2017-07-06 00:00:00+00:00,0.25,-0.9999999999999971,symbol_cap
USDJPY,USDJPY_SAFE_HAVEN_BREAKOUT,D1_H4_40BAR_BREAKOUT,1,2017-07-05 16:00:00+00:00,2017-07-05 20:00:00+00:00,0.25,-0.999999999999995,symbol_cap
USDJPY,USDJPY_SAFE_HAVEN_BREAKOUT,D1_H4_40BAR_BREAKOUT,1,2017-07-07 20:00:00+00:00,2017-07-12 08:00:00+00:00,0.25,-1.0000000000000047,symbol_cap
USDJPY,USDJPY_SAFE_HAVEN_BREAKOUT,D1_H4_40BAR_BREAKOUT,1,2017-07-11 08:00:00+00:00,2017-07-11 20:00:00+00:00,0.25,-0.9999999999999893,symbol_cap
USDJPY,USDJPY_SAFE_HAVEN_BREAKOUT,D1_H4_40BAR_BREAKOUT,-1,2017-08-09 12:00:00+00:00,2017-08-10 04:00:00+00:00,0.25,-0.9999999999999968,guard:new_cooldown
USDJPY,USDJPY_SAFE_HAVEN_BREAKOUT,D1_H4_40BAR_BREAKOUT,-1,2017-08-10 20:00:00+00:00,2017-08-11 20:00:00+00:00,0.25,-0.0,guard:cooldown
USDJPY,USDJPY_SAFE_HAVEN_BREAKOUT,D1_H4_40BAR_BREAKOUT,-1,2017-08-11 04:00:00+00:00,2017-08-14 08:00:00+00:00,0.25,-0.9999999999999946,guard:cooldown
USDJPY,USDJPY_SAFE_HAVEN_BREAKOUT,D1_H4_40BAR_BREAKOUT,-1,2017-08-11 08:00:00+00:00,2017-08-14 08:00:00+00:00,0.25,-1.000000000000011,guard:cooldown
USDJPY,USDJPY_SAFE_HAVEN_BREAKOUT,D1_H4_40BAR_BREAKOUT,-1,2017-09-08 12:00:00+00:00,2017-09-11 04:00:00+00:00,0.25,-0.9999999999999946,guard:cooldown
USDJPY,USDJPY_SAFE_HAVEN_BREAKOUT,D1_H4_40BAR_BREAKOUT,1,2017-09-27 16:00:00+00:00,2017-09-27 20:00:00+00:00,0.25,-0.9999999999999954,guard:probe_in_flight
USDJPY,USDJPY_SAFE_HAVEN_BREAKOUT,D1_H4_40BAR_BREAKOUT,1,2017-10-06 16:00:00+00:00,2017-10-06 20:00:00+00:00,0.25,-1.000000000000002,guard:new_cooldown
USDJPY,USDJPY_SAFE_HAVEN_BREAKOUT,D1_H4_40BAR_BREAKOUT,1,2017-10-18 16:00:00+00:00,2017-10-19 16:00:00+00:00,0.25,-1.0000000000000147,guard:cooldown
USDJPY,USDJPY_SAFE_HAVEN_BREAKOUT,D1_H4_40BAR_BREAKOUT,1,2017-10-20 08:00:00+00:00,2017-10-25 20:00:00+00:00,0.25,0.6905214500674838,guard:cooldown
USDJPY,USDJPY_SAFE_HAVEN_BREAKOUT,D1_H4_40BAR_BREAKOUT,1,2017-10-20 12:00:00+00:00,2017-10-24 00:00:00+00:00,0.25,0.0,guard:cooldown
USDJPY,USDJPY_SAFE_HAVEN_BREAKOUT,D1_H4_40BAR_BREAKOUT,1,2017-10-23 04:00:00+00:00,2017-10-24 00:00:00+00:00,0.25,-1.0000000000000115,guard:cooldown
USDJPY,USDJPY_SAFE_HAVEN_BREAKOUT,D1_H4_40BAR_BREAKOUT,1,2017-10-25 12:00:00+00:00,2017-10-25 20:00:00+00:00,0.25,-0.9999999999999886,guard:cooldown
AUDUSD,AUDUSD_TREND_PULLBACK,D1_H4_EMA_PULLBACK_04_08UTC,-1,2017-10-31 08:00:00+00:00,2017-11-01 12:00:00+00:00,0.25,-0.0,symbol_cap
USDJPY,USDJPY_SAFE_HAVEN_BREAKOUT,D1_H4_40BAR_BREAKOUT,1,2017-11-06 04:00:00+00:00,2017-11-06 12:00:00+00:00,0.25,-0.9999999999999859,guard:cooldown
USDJPY,USDJPY_SAFE_HAVEN_BREAKOUT,D1_H4_40BAR_BREAKOUT,1,2017-12-08 08:00:00+00:00,2017-12-13 16:00:00+00:00,0.25,-0.9999999999999912,guard:probe_in_flight
USDJPY,USDJPY_SAFE_HAVEN_BREAKOUT,D1_H4_40BAR_BREAKOUT,1,2017-12-08 12:00:00+00:00,2017-12-08 20:00:00+00:00,0.25,-0.999999999999984,guard:probe_in_flight
USDJPY,USDJPY_SAFE_HAVEN_BREAKOUT,D1_H4_40BAR_BREAKOUT,1,2017-12-11 04:00:00+00:00,2017-12-13 08:00:00+00:00,0.25,-0.9999999999999851,guard:probe_in_flight
GBPUSD,GBPUSD_V10_PRECISION,GBPUSD_SWING_V5_PULLBACK_ADDON,1,2017-12-29 16:00:00+00:00,2017-12-30 00:00:00+00:00,0.4,-1.0000000000000389,symbol_cap
USDJPY,USDJPY_SAFE_HAVEN_BREAKOUT,D1_H4_40BAR_BREAKOUT,-1,2018-01-15 04:00:00+00:00,2018-01-18 00:00:00+00:00,0.25,-1.0000000000000009,guard:new_cooldown
USDJPY,USDJPY_SAFE_HAVEN_BREAKOUT,D1_H4_40BAR_BREAKOUT,-1,2018-01-15 12:00:00+00:00,2018-01-18 00:00:00+00:00,0.25,-1.0000000000000047,guard:cooldown
USDJPY,USDJPY_SAFE_HAVEN_BREAKOUT,D1_H4_40BAR_BREAKOUT,-1,2018-01-15 20:00:00+00:00,2018-01-16 08:00:00+00:00,0.25,-1.000000000000011,guard:cooldown
USDJPY,USDJPY_SAFE_HAVEN_BREAKOUT,D1_H4_40BAR_BREAKOUT,-1,2018-01-24 04:00:00+00:00,2018-01-25 20:00:00+00:00,0.25,3.0,guard:cooldown
AUDUSD,AUDUSD_TREND_PULLBACK,D1_H4_EMA_PULLBACK_04_08UTC,1,2018-01-24 08:00:00+00:00,2018-01-24 20:00:00+00:00,0.25,2.0,symbol_cap
USDJPY,USDJPY_SAFE_HAVEN_BREAKOUT,D1_H4_40BAR_BREAKOUT,-1,2018-01-24 08:00:00+00:00,2018-01-26 00:00:00+00:00,0.25,1.1613961753503699,guard:cooldown
USDJPY,USDJPY_SAFE_HAVEN_BREAKOUT,D1_H4_40BAR_BREAKOUT,-1,2018-01-24 12:00:00+00:00,2018-01-26 00:00:00+00:00,0.25,0.5382637238860027,guard:cooldown
GBPUSD,GBPUSD_V10_PRECISION,PRIMARY_16UTC_BREAKOUT,1,2018-01-24 16:00:00+00:00,2018-01-26 00:00:00+00:00,0.5,0.0,symbol_cap
USDJPY,USDJPY_SAFE_HAVEN_BREAKOUT,D1_H4_40BAR_BREAKOUT,-1,2018-01-24 16:00:00+00:00,2018-01-26 00:00:00+00:00,0.25,0.2341897083835404,guard:cooldown
USDJPY,USDJPY_SAFE_HAVEN_BREAKOUT,D1_H4_40BAR_BREAKOUT,-1,2018-01-24 20:00:00+00:00,2018-01-26 00:00:00+00:00,0.25,-0.0,guard:cooldown
USDJPY,USDJPY_SAFE_HAVEN_BREAKOUT,D1_H4_40BAR_BREAKOUT,-1,2018-01-25 08:00:00+00:00,2018-01-26 00:00:00+00:00,0.25,-0.9999999999999869,guard:cooldown
USDJPY,USDJPY_SAFE_HAVEN_BREAKOUT,D1_H4_40BAR_BREAKOUT,-1,2018-01-25 20:00:00+00:00,2018-01-26 00:00:00+00:00,0.25,-0.9999999999999996,guard:cooldown
USDJPY,USDJPY_SAFE_HAVEN_BREAKOUT,D1_H4_40BAR_BREAKOUT,-1,2018-01-26 20:00:00+00:00,2018-01-29 20:00:00+00:00,0.25,-1.0000000000000013,guard:cooldown
USDJPY,USDJPY_SAFE_HAVEN_BREAKOUT,D1_H4_40BAR_BREAKOUT,-1,2018-02-09 20:00:00+00:00,2018-02-15 12:00:00+00:00,0.25,3.0,guard:cooldown
USDJPY,USDJPY_SAFE_HAVEN_BREAKOUT,D1_H4_40BAR_BREAKOUT,-1,2018-02-13 12:00:00+00:00,2018-02-16 08:00:00+00:00,0.25,3.0,guard:cooldown
USDJPY,USDJPY_SAFE_HAVEN_BREAKOUT,D1_H4_40BAR_BREAKOUT,-1,2018-02-14 08:00:00+00:00,2018-02-20 04:00:00+00:00,0.25,0.6272689427283037,guard:cooldown
USDJPY,USDJPY_SAFE_HAVEN_BREAKOUT,D1_H4_40BAR_BREAKOUT,-1,2018-02-15 04:00:00+00:00,2018-02-19 16:00:00+00:00,0.25,-0.0,guard:cooldown
USDJPY,USDJPY_SAFE_HAVEN_BREAKOUT,D1_H4_40BAR_BREAKOUT,-1,2018-02-16 00:00:00+00:00,2018-02-20 08:00:00+00:00,0.25,-0.9999999999999949,guard:cooldown
USDJPY,USDJPY_SAFE_HAVEN_BREAKOUT,D1_H4_40BAR_BREAKOUT,-1,2018-02-16 08:00:00+00:00,2018-02-19 12:00:00+00:00,0.25,-1.0000000000000013,guard:cooldown
USDJPY,USDJPY_SAFE_HAVEN_BREAKOUT,D1_H4_40BAR_BREAKOUT,-1,2018-03-02 04:00:00+00:00,2018-03-05 20:00:00+00:00,0.25,-0.0,guard:probe_in_flight
USDJPY,USDJPY_SAFE_HAVEN_BREAKOUT,D1_H4_40BAR_BREAKOUT,-1,2018-03-02 08:00:00+00:00,2018-03-05 20:00:00+00:00,0.25,-0.0,guard:probe_in_flight
USDJPY,USDJPY_SAFE_HAVEN_BREAKOUT,D1_H4_40BAR_BREAKOUT,-1,2018-03-02 16:00:00+00:00,2018-03-05 20:00:00+00:00,0.25,-1.0,guard:probe_in_flight
USDJPY,USDJPY_SAFE_HAVEN_BREAKOUT,D1_H4_40BAR_BREAKOUT,-1,2018-03-16 12:00:00+00:00,2018-03-16 20:00:00+00:00,0.25,-1.0000000000000082,guard:new_cooldown
USDJPY,USDJPY_SAFE_HAVEN_BREAKOUT,D1_H4_40BAR_BREAKOUT,-1,2018-03-22 16:00:00+00:00,2018-03-27 00:00:00+00:00,0.25,-0.0,guard:cooldown
USDJPY,USDJPY_SAFE_HAVEN_BREAKOUT,D1_H4_40BAR_BREAKOUT,-1,2018-03-23 04:00:00+00:00,2018-03-27 04:00:00+00:00,0.25,-0.9999999999999889,guard:cooldown
USDJPY,USDJPY_SAFE_HAVEN_BREAKOUT,D1_H4_40BAR_BREAKOUT,1,2018-05-01 16:00:00+00:00,2018-05-03 00:00:00+00:00,0.25,0.0,guard:probe_in_flight
USDJPY,USDJPY_SAFE_HAVEN_BREAKOUT,D1_H4_40BAR_BREAKOUT,1,2018-05-02 00:00:00+00:00,2018-05-03 16:00:00+00:00,0.25,-1.000000000000007,guard:probe_in_flight
AUDUSD,AUDUSD_TREND_PULLBACK,D1_H4_EMA_PULLBACK_04_08UTC,-1,2018-05-08 08:00:00+00:00,2018-05-08 20:00:00+00:00,0.25,2.0,symbol_cap
USDJPY,USDJPY_SAFE_HAVEN_BREAKOUT,D1_H4_40BAR_BREAKOUT,1,2018-05-15 16:00:00+00:00,2018-05-21 12:00:00+00:00,0.25,3.0,guard:new_cooldown
USDJPY,USDJPY_SAFE_HAVEN_BREAKOUT,D1_H4_40BAR_BREAKOUT,1,2018-05-17 12:00:00+00:00,2018-05-18 20:00:00+00:00,0.25,0.0,guard:cooldown
USDJPY,USDJPY_SAFE_HAVEN_BREAKOUT,D1_H4_40BAR_BREAKOUT,1,2018-05-17 16:00:00+00:00,2018-05-22 16:00:00+00:00,0.25,0.1763331350498646,guard:cooldown
USDJPY,USDJPY_SAFE_HAVEN_BREAKOUT,D1_H4_40BAR_BREAKOUT,1,2018-05-18 04:00:00+00:00,2018-05-22 04:00:00+00:00,0.25,0.0,guard:cooldown
USDJPY,USDJPY_SAFE_HAVEN_BREAKOUT,D1_H4_40BAR_BREAKOUT,1,2018-05-18 08:00:00+00:00,2018-05-22 04:00:00+00:00,0.25,0.0,guard:cooldown
USDJPY,USDJPY_SAFE_HAVEN_BREAKOUT,D1_H4_40BAR_BREAKOUT,1,2018-05-21 08:00:00+00:00,2018-05-22 08:00:00+00:00,0.25,-1.000000000000005,guard:cooldown
USDJPY,USDJPY_SAFE_HAVEN_BREAKOUT,D1_H4_40BAR_BREAKOUT,1,2018-05-21 12:00:00+00:00,2018-05-22 04:00:00+00:00,0.25,-0.9999999999999847,guard:cooldown
GBPUSD,GBPUSD_V10_PRECISION,SECONDARY_12UTC_BREAKOUT,-1,2018-05-23 12:00:00+00:00,2018-05-23 20:00:00+00:00,0.4,-0.0,symbol_cap
GBPUSD,GBPUSD_V10_PRECISION,PRIMARY_16UTC_BREAKOUT,-1,2018-05-23 16:00:00+00:00,2018-05-24 12:00:00+00:00,0.5,-0.9999999999999792,symbol_cap
USDJPY,USDJPY_SAFE_HAVEN_BREAKOUT,D1_H4_40BAR_BREAKOUT,1,2018-06-05 04:00:00+00:00,2018-06-08 12:00:00+00:00,0.25,-1.0000000000000082,guard:cooldown
USDJPY,USDJPY_SAFE_HAVEN_BREAKOUT,D1_H4_40BAR_BREAKOUT,1,2018-06-06 12:00:00+00:00,2018-06-08 00:00:00+00:00,0.25,-1.000000000000002,guard:cooldown
USDJPY,USDJPY_SAFE_HAVEN_BREAKOUT,D1_H4_40BAR_BREAKOUT,1,2018-06-12 04:00:00+00:00,2018-06-14 04:00:00+00:00,0.25,0.0,guard:cooldown
USDJPY,USDJPY_SAFE_HAVEN_BREAKOUT,D1_H4_40BAR_BREAKOUT,1,2018-06-13 08:00:00+00:00,2018-06-14 04:00:00+00:00,0.25,-0.9999999999999939,guard:cooldown
GBPUSD,GBPUSD_V10_PRECISION,PRIMARY_16UTC_BREAKOUT,-1,2018-06-27 16:00:00+00:00,2018-06-29 12:00:00+00:00,0.5,0.12169680360963776,symbol_cap
USDJPY,USDJPY_SAFE_HAVEN_BREAKOUT,D1_H4_40BAR_BREAKOUT,1,2018-07-10 16:00:00+00:00,2018-07-11 04:00:00+00:00,0.25,-0.9999999999999958,guard:probe_in_flight
USDJPY,USDJPY_SAFE_HAVEN_BREAKOUT,D1_H4_40BAR_BREAKOUT,1,2018-07-11 20:00:00+00:00,2018-07-16 04:00:00+00:00,0.25,0.7805204374970456,guard:new_cooldown
USDJPY,USDJPY_SAFE_HAVEN_BREAKOUT,D1_H4_40BAR_BREAKOUT,1,2018-07-12 00:00:00+00:00,2018-07-16 04:00:00+00:00,0.25,0.5515043238006673,guard:cooldown
USDJPY,USDJPY_SAFE_HAVEN_BREAKOUT,D1_H4_40BAR_BREAKOUT,1,2018-07-12 08:00:00+00:00,2018-07-16 04:00:00+00:00,0.25,0.04863421303464528,guard:cooldown
USDJPY,USDJPY_SAFE_HAVEN_BREAKOUT,D1_H4_40BAR_BREAKOUT,1,2018-07-12 16:00:00+00:00,2018-07-19 16:00:00+00:00,0.25,1.4484845083271127,guard:cooldown
USDJPY,USDJPY_SAFE_HAVEN_BREAKOUT,D1_H4_40BAR_BREAKOUT,1,2018-07-13 04:00:00+00:00,2018-07-14 00:00:00+00:00,0.25,-1.000000000000018,guard:cooldown
USDJPY,USDJPY_SAFE_HAVEN_BREAKOUT,D1_H4_40BAR_BREAKOUT,1,2018-07-17 20:00:00+00:00,2018-07-20 00:00:00+00:00,0.25,-0.9999999999999941,guard:cooldown
USDJPY,USDJPY_SAFE_HAVEN_BREAKOUT,D1_H4_40BAR_BREAKOUT,1,2018-07-18 04:00:00+00:00,2018-07-20 00:00:00+00:00,0.25,-0.999999999999991,guard:cooldown
USDJPY,USDJPY_SAFE_HAVEN_BREAKOUT,D1_H4_40BAR_BREAKOUT,1,2018-08-01 08:00:00+00:00,2018-08-02 00:00:00+00:00,0.25,-0.9999999999999826,guard:cooldown
USDJPY,USDJPY_SAFE_HAVEN_BREAKOUT,D1_H4_40BAR_BREAKOUT,1,2018-08-01 12:00:00+00:00,2018-08-02 00:00:00+00:00,0.25,-0.9999999999999994,guard:cooldown
GBPUSD,GBPUSD_SWING_RETEST,H4_BREAKOUT_RETEST,-1,2018-08-07 20:00:00+00:00,2018-08-10 12:00:00+00:00,0.15,4.0,symbol_cap
GBPUSD,GBPUSD_V10_PRECISION,PRIMARY_16UTC_BREAKOUT,-1,2018-08-08 16:00:00+00:00,2018-08-09 16:00:00+00:00,0.5,-1.0000000000000058,symbol_cap
GBPUSD,GBPUSD_SWING_RETEST,H4_BREAKOUT_RETEST,-1,2018-08-09 20:00:00+00:00,2018-08-14 12:00:00+00:00,0.15,0.5314169022657277,symbol_cap
GBPUSD,GBPUSD_SWING_RETEST,H4_BREAKOUT_RETEST,-1,2018-08-10 08:00:00+00:00,2018-08-14 12:00:00+00:00,0.15,0.028305776037453722,max_positions
USDJPY,USDJPY_SAFE_HAVEN_BREAKOUT,D1_H4_40BAR_BREAKOUT,1,2018-08-24 04:00:00+00:00,2018-08-27 08:00:00+00:00,0.25,-1.0000000000000027,guard:cooldown
AUDUSD,AUDUSD_TREND_PULLBACK,D1_H4_EMA_PULLBACK_04_08UTC,-1,2018-09-07 04:00:00+00:00,2018-09-07 16:00:00+00:00,0.25,2.0,symbol_cap
AUDUSD,AUDUSD_TREND_PULLBACK,D1_H4_EMA_PULLBACK_04_08UTC,-1,2018-09-07 08:00:00+00:00,2018-09-08 00:00:00+00:00,0.25,2.0,symbol_cap
USDJPY,USDJPY_SAFE_HAVEN_BREAKOUT,D1_H4_40BAR_BREAKOUT,1,2018-09-13 20:00:00+00:00,2018-09-20 20:00:00+00:00,0.25,1.7537631062299222,guard:new_cooldown
USDJPY,USDJPY_SAFE_HAVEN_BREAKOUT,D1_H4_40BAR_BREAKOUT,1,2018-09-14 04:00:00+00:00,2018-09-18 04:00:00+00:00,0.25,-1.0000000000000202,guard:cooldown
USDJPY,USDJPY_SAFE_HAVEN_BREAKOUT,D1_H4_40BAR_BREAKOUT,1,2018-09-18 20:00:00+00:00,2018-09-25 20:00:00+00:00,0.25,1.528568629090159,guard:cooldown
USDJPY,USDJPY_SAFE_HAVEN_BREAKOUT,D1_H4_40BAR_BREAKOUT,1,2018-09-20 20:00:00+00:00,2018-09-24 04:00:00+00:00,0.25,0.0,guard:cooldown
USDJPY,USDJPY_SAFE_HAVEN_BREAKOUT,D1_H4_40BAR_BREAKOUT,1,2018-09-21 08:00:00+00:00,2018-09-27 04:00:00+00:00,0.25,0.0,guard:cooldown
USDJPY,USDJPY_SAFE_HAVEN_BREAKOUT,D1_H4_40BAR_BREAKOUT,1,2018-09-25 04:00:00+00:00,2018-09-27 12:00:00+00:00,0.25,-1.0000000000000215,guard:cooldown
USDJPY,USDJPY_SAFE_HAVEN_BREAKOUT,D1_H4_40BAR_BREAKOUT,1,2018-09-27 20:00:00+00:00,2018-10-02 20:00:00+00:00,0.25,0.3758659163287865,guard:cooldown
USDJPY,USDJPY_SAFE_HAVEN_BREAKOUT,D1_H4_40BAR_BREAKOUT,1,2018-09-28 08:00:00+00:00,2018-10-02 20:00:00+00:00,0.25,0.13214209196022425,guard:cooldown
USDJPY,USDJPY_SAFE_HAVEN_BREAKOUT,D1_H4_40BAR_BREAKOUT,1,2018-09-29 00:00:00+00:00,2018-10-02 12:00:00+00:00,0.25,0.0,guard:cooldown
USDJPY,USDJPY_SAFE_HAVEN_BREAKOUT,D1_H4_40BAR_BREAKOUT,1,2018-10-01 04:00:00+00:00,2018-10-04 16:00:00+00:00,0.25,0.6254203451437668,guard:cooldown
USDJPY,USDJPY_SAFE_HAVEN_BREAKOUT,D1_H4_40BAR_BREAKOUT,1,2018-10-01 08:00:00+00:00,2018-10-02 20:00:00+00:00,0.25,-0.9999999999999893,guard:cooldown
USDJPY,USDJPY_SAFE_HAVEN_BREAKOUT,D1_H4_40BAR_BREAKOUT,1,2018-10-03 20:00:00+00:00,2018-10-04 20:00:00+00:00,0.25,-1.000000000000001,guard:cooldown
USDJPY,USDJPY_SAFE_HAVEN_BREAKOUT,D1_H4_40BAR_BREAKOUT,1,2018-10-04 00:00:00+00:00,2018-10-04 16:00:00+00:00,0.25,-1.0000000000000095,guard:cooldown
USDJPY,USDJPY_SAFE_HAVEN_BREAKOUT,D1_H4_40BAR_BREAKOUT,1,2018-10-31 16:00:00+00:00,2018-10-31 20:00:00+00:00,0.25,-1.0000000000000162,guard:probe_in_flight
USDJPY,USDJPY_SAFE_HAVEN_BREAKOUT,D1_H4_40BAR_BREAKOUT,1,2018-11-06 20:00:00+00:00,2018-11-07 04:00:00+00:00,0.25,-1.0000000000000122,guard:new_cooldown
USDJPY,USDJPY_SAFE_HAVEN_BREAKOUT,D1_H4_40BAR_BREAKOUT,1,2018-11-07 04:00:00+00:00,2018-11-07 08:00:00+00:00,0.25,-0.9999999999999842,guard:cooldown
USDJPY,USDJPY_SAFE_HAVEN_BREAKOUT,D1_H4_40BAR_BREAKOUT,1,2018-11-08 20:00:00+00:00,2018-11-15 00:00:00+00:00,0.25,-0.9999999999999882,guard:cooldown
USDJPY,USDJPY_SAFE_HAVEN_BREAKOUT,D1_H4_40BAR_BREAKOUT,1,2018-11-09 00:00:00+00:00,2018-11-09 20:00:00+00:00,0.25,-0.9999999999999991,guard:cooldown
USDJPY,USDJPY_SAFE_HAVEN_BREAKOUT,D1_H4_40BAR_BREAKOUT,1,2018-11-27 20:00:00+00:00,2018-11-28 20:00:00+00:00,0.25,-1.0000000000000209,guard:cooldown
USDJPY,USDJPY_SAFE_HAVEN_BREAKOUT,D1_H4_40BAR_BREAKOUT,1,2018-11-28 08:00:00+00:00,2018-11-28 20:00:00+00:00,0.25,-0.9999999999999744,guard:cooldown
USDJPY,USDJPY_SAFE_HAVEN_BREAKOUT,D1_H4_40BAR_BREAKOUT,1,2018-12-13 16:00:00+00:00,2018-12-17 16:00:00+00:00,0.25,-1.0000000000000226,guard:cooldown
USDJPY,USDJPY_SAFE_HAVEN_BREAKOUT,D1_H4_40BAR_BREAKOUT,1,2018-12-13 20:00:00+00:00,2018-12-14 20:00:00+00:00,0.25,-0.9999999999999821,guard:cooldown
USDJPY,USDJPY_SAFE_HAVEN_BREAKOUT,D1_H4_40BAR_BREAKOUT,-1,2018-12-24 20:00:00+00:00,2018-12-26 20:00:00+00:00,0.25,-0.999999999999991,guard:probe_in_flight
USDJPY,USDJPY_SAFE_HAVEN_BREAKOUT,D1_H4_40BAR_BREAKOUT,-1,2018-12-31 16:00:00+00:00,2019-01-03 04:00:00+00:00,0.25,3.0,guard:new_cooldown
USDJPY,USDJPY_SAFE_HAVEN_BREAKOUT,D1_H4_40BAR_BREAKOUT,-1,2018-12-31 20:00:00+00:00,2019-01-03 04:00:00+00:00,0.25,3.0,guard:cooldown
USDJPY,USDJPY_SAFE_HAVEN_BREAKOUT,D1_H4_40BAR_BREAKOUT,-1,2019-01-01 00:00:00+00:00,2019-01-02 20:00:00+00:00,0.25,-0.0,guard:cooldown
USDJPY,USDJPY_SAFE_HAVEN_BREAKOUT,D1_H4_40BAR_BREAKOUT,-1,2019-01-02 08:00:00+00:00,2019-01-02 20:00:00+00:00,0.25,-0.0,guard:cooldown
USDJPY,USDJPY_SAFE_HAVEN_BREAKOUT,D1_H4_40BAR_BREAKOUT,-1,2019-01-02 12:00:00+00:00,2019-01-02 20:00:00+00:00,0.25,-1.0000000000000033,guard:cooldown
USDJPY,USDJPY_SAFE_HAVEN_BREAKOUT,D1_H4_40BAR_BREAKOUT,-1,2019-01-03 04:00:00+00:00,2019-01-04 20:00:00+00:00,0.25,-1.0000000000000069,guard:cooldown
USDJPY,USDJPY_SAFE_HAVEN_BREAKOUT,D1_H4_40BAR_BREAKOUT,-1,2019-01-31 00:00:00+00:00,2019-02-01 16:00:00+00:00,0.25,-0.0,guard:cooldown
USDJPY,USDJPY_SAFE_HAVEN_BREAKOUT,D1_H4_40BAR_BREAKOUT,-1,2019-01-31 08:00:00+00:00,2019-02-01 20:00:00+00:00,0.25,-1.0000000000000178,guard:cooldown
USDJPY,USDJPY_SAFE_HAVEN_BREAKOUT,D1_H4_40BAR_BREAKOUT,-1,2019-01-31 12:00:00+00:00,2019-02-01 00:00:00+00:00,0.25,-1.000000000000008,guard:cooldown
USDJPY,USDJPY_SAFE_HAVEN_BREAKOUT,D1_H4_40BAR_BREAKOUT,1,2019-03-01 08:00:00+00:00,2019-03-04 20:00:00+00:00,0.25,0.0,guard:probe_in_flight
USDJPY,USDJPY_SAFE_HAVEN_BREAKOUT,D1_H4_40BAR_BREAKOUT,1,2019-03-01 12:00:00+00:00,2019-03-07 20:00:00+00:00,0.25,-1.0000000000000098,guard:probe_in_flight
USDJPY,USDJPY_SAFE_HAVEN_BREAKOUT,D1_H4_40BAR_BREAKOUT,1,2019-04-03 04:00:00+00:00,2019-04-08 04:00:00+00:00,0.25,0.0,guard:new_cooldown
USDJPY,USDJPY_SAFE_HAVEN_BREAKOUT,D1_H4_40BAR_BREAKOUT,1,2019-04-05 00:00:00+00:00,2019-04-08 08:00:00+00:00,0.25,-1.0000000000000004,guard:cooldown
USDJPY,USDJPY_SAFE_HAVEN_BREAKOUT,D1_H4_40BAR_BREAKOUT,1,2019-04-05 04:00:00+00:00,2019-04-08 04:00:00+00:00,0.25,-1.0000000000000226,guard:cooldown
USDJPY,USDJPY_SAFE_HAVEN_BREAKOUT,D1_H4_40BAR_BREAKOUT,1,2019-04-12 12:00:00+00:00,2019-04-19 12:00:00+00:00,0.25,-0.0656389611553691,guard:cooldown
USDJPY,USDJPY_SAFE_HAVEN_BREAKOUT,D1_H4_40BAR_BREAKOUT,1,2019-04-12 20:00:00+00:00,2019-04-19 20:00:00+00:00,0.25,-0.3910156267513521,guard:cooldown
USDJPY,USDJPY_SAFE_HAVEN_BREAKOUT,D1_H4_40BAR_BREAKOUT,1,2019-04-17 04:00:00+00:00,2019-04-18 08:00:00+00:00,0.25,-0.9999999999999701,guard:cooldown
USDJPY,USDJPY_SAFE_HAVEN_BREAKOUT,D1_H4_40BAR_BREAKOUT,1,2019-04-25 00:00:00+00:00,2019-04-25 08:00:00+00:00,0.25,-1.0000000000000238,guard:cooldown
USDJPY,USDJPY_SAFE_HAVEN_BREAKOUT,D1_H4_40BAR_BREAKOUT,-1,2019-05-13 16:00:00+00:00,2019-05-14 08:00:00+00:00,0.25,-1.0000000000000149,guard:cooldown
GBPJPY,GBPJPY_SWING_CORE,H4_DONCHIAN_BREAKOUT,-1,2019-05-24 00:00:00+00:00,2019-05-24 16:00:00+00:00,0.15,-1.0000000000000189,max_positions
AUDUSD,AUDUSD_TREND_PULLBACK,D1_H4_EMA_PULLBACK_04_08UTC,-1,2019-05-24 08:00:00+00:00,2019-05-24 16:00:00+00:00,0.25,-1.0000000000000036,max_positions
USDJPY,USDJPY_SAFE_HAVEN_BREAKOUT,D1_H4_40BAR_BREAKOUT,-1,2019-05-31 08:00:00+00:00,2019-06-04 00:00:00+00:00,0.25,3.0,guard:new_cooldown
USDJPY,USDJPY_SAFE_HAVEN_BREAKOUT,D1_H4_40BAR_BREAKOUT,-1,2019-05-31 12:00:00+00:00,2019-06-06 00:00:00+00:00,0.25,0.9867073129748837,guard:cooldown
USDJPY,USDJPY_SAFE_HAVEN_BREAKOUT,D1_H4_40BAR_BREAKOUT,-1,2019-05-31 20:00:00+00:00,2019-06-06 00:00:00+00:00,0.25,0.2569461917562288,guard:cooldown
USDJPY,USDJPY_SAFE_HAVEN_BREAKOUT,D1_H4_40BAR_BREAKOUT,-1,2019-06-01 00:00:00+00:00,2019-06-04 16:00:00+00:00,0.25,-0.0,guard:cooldown
USDJPY,USDJPY_SAFE_HAVEN_BREAKOUT,D1_H4_40BAR_BREAKOUT,-1,2019-06-03 08:00:00+00:00,2019-06-03 20:00:00+00:00,0.25,-1.0000000000000047,guard:cooldown
USDJPY,USDJPY_SAFE_HAVEN_BREAKOUT,D1_H4_40BAR_BREAKOUT,-1,2019-06-04 00:00:00+00:00,2019-06-06 00:00:00+00:00,0.25,-0.9999999999999905,guard:cooldown
USDJPY,USDJPY_SAFE_HAVEN_BREAKOUT,D1_H4_40BAR_BREAKOUT,-1,2019-06-20 04:00:00+00:00,2019-06-21 20:00:00+00:00,0.25,0.02928508418653376,guard:cooldown
USDJPY,USDJPY_SAFE_HAVEN_BREAKOUT,D1_H4_40BAR_BREAKOUT,-1,2019-06-20 20:00:00+00:00,2019-06-26 00:00:00+00:00,0.25,0.05598055507191369,guard:cooldown
USDJPY,USDJPY_SAFE_HAVEN_BREAKOUT,D1_H4_40BAR_BREAKOUT,-1,2019-06-21 08:00:00+00:00,2019-06-21 12:00:00+00:00,0.25,-0.999999999999987,guard:cooldown
USDJPY,USDJPY_SAFE_HAVEN_BREAKOUT,D1_H4_40BAR_BREAKOUT,-1,2019-06-25 08:00:00+00:00,2019-06-25 20:00:00+00:00,0.25,-1.000000000000009,guard:cooldown
GBPUSD,GBPUSD_V10_PRECISION,GBPUSD_SWING_V5_PULLBACK_ADDON,-1,2019-07-16 16:00:00+00:00,2019-07-17 20:00:00+00:00,0.4,-0.0,symbol_cap
GBPUSD,GBPUSD_V10_PRECISION,PRIMARY_16UTC_BREAKOUT,-1,2019-07-16 16:00:00+00:00,2019-07-17 20:00:00+00:00,0.5,-0.0,symbol_cap
USDJPY,USDJPY_SAFE_HAVEN_BREAKOUT,D1_H4_40BAR_BREAKOUT,-1,2019-07-18 08:00:00+00:00,2019-07-18 20:00:00+00:00,0.25,-1.0000000000000222,guard:probe_in_flight
USDJPY,USDJPY_SAFE_HAVEN_BREAKOUT,D1_H4_40BAR_BREAKOUT,-1,2019-07-19 00:00:00+00:00,2019-07-19 12:00:00+00:00,0.25,-0.99999999999999,guard:probe_in_flight
EURUSD,EURUSD_SWING_CORE,H4_DONCHIAN_BREAKOUT,-1,2019-07-23 20:00:00+00:00,2019-07-24 16:00:00+00:00,0.25,-0.0,symbol_cap
EURUSD,EURUSD_SWING_RETEST,H1_BREAKOUT_RETEST,-1,2019-07-25 04:00:00+00:00,2019-07-25 14:00:00+00:00,0.1,-0.0,symbol_cap
USDJPY,USDJPY_SAFE_HAVEN_BREAKOUT,D1_H4_40BAR_BREAKOUT,-1,2019-08-02 04:00:00+00:00,2019-08-02 20:00:00+00:00,0.25,-0.0,guard:new_cooldown
USDJPY,USDJPY_SAFE_HAVEN_BREAKOUT,D1_H4_40BAR_BREAKOUT,-1,2019-08-05 04:00:00+00:00,2019-08-05 16:00:00+00:00,0.25,-0.0,guard:cooldown
USDJPY,USDJPY_SAFE_HAVEN_BREAKOUT,D1_H4_40BAR_BREAKOUT,-1,2019-08-05 08:00:00+00:00,2019-08-06 08:00:00+00:00,0.25,-0.9999999999999876,guard:cooldown
USDJPY,USDJPY_SAFE_HAVEN_BREAKOUT,D1_H4_40BAR_BREAKOUT,-1,2019-08-12 16:00:00+00:00,2019-08-13 20:00:00+00:00,0.25,-0.9999999999999937,guard:cooldown
USDJPY,USDJPY_SAFE_HAVEN_BREAKOUT,D1_H4_40BAR_BREAKOUT,-1,2019-08-23 20:00:00+00:00,2019-08-26 08:00:00+00:00,0.25,-0.0,guard:cooldown
USDJPY,USDJPY_SAFE_HAVEN_BREAKOUT,D1_H4_40BAR_BREAKOUT,-1,2019-08-26 04:00:00+00:00,2019-08-26 08:00:00+00:00,0.25,-1.0000000000000115,guard:cooldown
USDJPY,USDJPY_SAFE_HAVEN_BREAKOUT,D1_H4_40BAR_BREAKOUT,1,2019-10-01 12:00:00+00:00,2019-10-01 20:00:00+00:00,0.25,-1.0000000000000218,guard:probe_in_flight
USDJPY,USDJPY_SAFE_HAVEN_BREAKOUT,D1_H4_40BAR_BREAKOUT,1,2019-10-10 20:00:00+00:00,2019-10-17 20:00:00+00:00,0.25,1.463979856353593,guard:new_cooldown
USDJPY,USDJPY_SAFE_HAVEN_BREAKOUT,D1_H4_40BAR_BREAKOUT,1,2019-10-11 04:00:00+00:00,2019-10-14 16:00:00+00:00,0.25,0.0,guard:cooldown
USDJPY,USDJPY_SAFE_HAVEN_BREAKOUT,D1_H4_40BAR_BREAKOUT,1,2019-10-11 16:00:00+00:00,2019-10-18 16:00:00+00:00,0.25,0.3641716737664344,guard:cooldown
USDJPY,USDJPY_SAFE_HAVEN_BREAKOUT,D1_H4_40BAR_BREAKOUT,1,2019-10-15 20:00:00+00:00,2019-10-17 20:00:00+00:00,0.25,-1.0000000000000158,guard:cooldown
USDJPY,USDJPY_SAFE_HAVEN_BREAKOUT,D1_H4_40BAR_BREAKOUT,1,2019-10-28 16:00:00+00:00,2019-10-31 04:00:00+00:00,0.25,0.0,guard:cooldown
USDJPY,USDJPY_SAFE_HAVEN_BREAKOUT,D1_H4_40BAR_BREAKOUT,1,2019-11-07 20:00:00+00:00,2019-11-08 00:00:00+00:00,0.25,-1.0000000000000007,guard:cooldown
USDJPY,USDJPY_SAFE_HAVEN_BREAKOUT,D1_H4_40BAR_BREAKOUT,1,2019-11-27 16:00:00+00:00,2019-12-02 20:00:00+00:00,0.25,0.8423543431494546,guard:probe_in_flight
USDJPY,USDJPY_SAFE_HAVEN_BREAKOUT,D1_H4_40BAR_BREAKOUT,1,2019-11-27 20:00:00+00:00,2019-11-29 20:00:00+00:00,0.25,0.0,guard:probe_in_flight
USDJPY,USDJPY_SAFE_HAVEN_BREAKOUT,D1_H4_40BAR_BREAKOUT,1,2019-11-28 00:00:00+00:00,2019-12-02 20:00:00+00:00,0.25,-1.000000000000002,guard:probe_in_flight
USDJPY,USDJPY_SAFE_HAVEN_BREAKOUT,D1_H4_40BAR_BREAKOUT,1,2019-11-29 16:00:00+00:00,2019-11-29 20:00:00+00:00,0.25,-1.0000000000000229,guard:probe_in_flight
USDJPY,USDJPY_SAFE_HAVEN_BREAKOUT,D1_H4_40BAR_BREAKOUT,1,2019-12-02 04:00:00+00:00,2019-12-02 16:00:00+00:00,0.25,-0.9999999999999676,guard:probe_in_flight
GBPUSD,GBPUSD_V10_PRECISION,PRIMARY_16UTC_BREAKOUT,1,2019-12-04 16:00:00+00:00,2019-12-11 04:00:00+00:00,0.5,0.4495027583680206,symbol_cap
USDJPY,USDJPY_SAFE_HAVEN_BREAKOUT,D1_H4_40BAR_BREAKOUT,1,2019-12-13 04:00:00+00:00,2019-12-19 20:00:00+00:00,0.25,-0.999999999999993,guard:new_cooldown
USDJPY,USDJPY_SAFE_HAVEN_BREAKOUT,D1_H4_40BAR_BREAKOUT,1,2019-12-13 08:00:00+00:00,2019-12-13 20:00:00+00:00,0.25,-1.0000000000000153,guard:cooldown
USDJPY,USDJPY_SAFE_HAVEN_BREAKOUT,D1_H4_40BAR_BREAKOUT,1,2019-12-13 12:00:00+00:00,2019-12-13 20:00:00+00:00,0.25,-1.0000000000000047,guard:cooldown
GBPUSD,GBPUSD_V10_PRECISION,PRIMARY_16UTC_BREAKOUT,1,2019-12-31 16:00:00+00:00,2020-01-02 08:00:00+00:00,0.5,0.0,symbol_cap
USDJPY,USDJPY_SAFE_HAVEN_BREAKOUT,D1_H4_40BAR_BREAKOUT,1,2020-01-09 08:00:00+00:00,2020-01-16 08:00:00+00:00,0.25,1.6111611321517902,guard:cooldown
USDJPY,USDJPY_SAFE_HAVEN_BREAKOUT,D1_H4_40BAR_BREAKOUT,1,2020-01-09 12:00:00+00:00,2020-01-16 12:00:00+00:00,0.25,1.4051673049745323,guard:cooldown
USDJPY,USDJPY_SAFE_HAVEN_BREAKOUT,D1_H4_40BAR_BREAKOUT,1,2020-01-09 20:00:00+00:00,2020-01-16 20:00:00+00:00,0.25,1.6645520710313944,guard:cooldown
USDJPY,USDJPY_SAFE_HAVEN_BREAKOUT,D1_H4_40BAR_BREAKOUT,1,2020-01-10 12:00:00+00:00,2020-01-17 12:00:00+00:00,0.25,1.6331214213271221,guard:cooldown
USDJPY,USDJPY_SAFE_HAVEN_BREAKOUT,D1_H4_40BAR_BREAKOUT,1,2020-01-10 16:00:00+00:00,2020-01-17 16:00:00+00:00,0.25,1.645038109718071,guard:cooldown
USDJPY,USDJPY_SAFE_HAVEN_BREAKOUT,D1_H4_40BAR_BREAKOUT,1,2020-01-13 12:00:00+00:00,2020-01-15 04:00:00+00:00,0.25,0.0,guard:cooldown
USDJPY,USDJPY_SAFE_HAVEN_BREAKOUT,D1_H4_40BAR_BREAKOUT,1,2020-01-14 04:00:00+00:00,2020-01-21 04:00:00+00:00,0.25,-0.4176882319987954,guard:cooldown
USDJPY,USDJPY_SAFE_HAVEN_BREAKOUT,D1_H4_40BAR_BREAKOUT,1,2020-02-05 16:00:00+00:00,2020-02-12 16:00:00+00:00,0.25,0.6044862659655007,guard:probe_in_flight
USDJPY,USDJPY_SAFE_HAVEN_BREAKOUT,D1_H4_40BAR_BREAKOUT,1,2020-02-06 08:00:00+00:00,2020-02-07 20:00:00+00:00,0.25,-1.0000000000000144,guard:probe_in_flight
USDJPY,USDJPY_SAFE_HAVEN_BREAKOUT,D1_H4_40BAR_BREAKOUT,1,2020-02-19 12:00:00+00:00,2020-02-19 20:00:00+00:00,0.25,3.0,guard:new_cooldown
USDJPY,USDJPY_SAFE_HAVEN_BREAKOUT,D1_H4_40BAR_BREAKOUT,1,2020-02-19 16:00:00+00:00,2020-02-20 00:00:00+00:00,0.25,3.0,guard:cooldown
USDJPY,USDJPY_SAFE_HAVEN_BREAKOUT,D1_H4_40BAR_BREAKOUT,1,2020-02-19 20:00:00+00:00,2020-02-20 04:00:00+00:00,0.25,0.0,guard:cooldown
USDJPY,USDJPY_SAFE_HAVEN_BREAKOUT,D1_H4_40BAR_BREAKOUT,1,2020-02-20 00:00:00+00:00,2020-02-21 12:00:00+00:00,0.25,0.5416441631285956,guard:cooldown
USDJPY,USDJPY_SAFE_HAVEN_BREAKOUT,D1_H4_40BAR_BREAKOUT,1,2020-02-20 12:00:00+00:00,2020-02-21 12:00:00+00:00,0.25,-1.0000000000000107,guard:cooldown
GBPUSD,GBPUSD_V10_PRECISION,PRIMARY_16UTC_BREAKOUT,-1,2020-02-28 16:00:00+00:00,2020-03-04 20:00:00+00:00,0.5,-0.0,symbol_cap
USDJPY,USDJPY_SAFE_HAVEN_BREAKOUT,D1_H4_40BAR_BREAKOUT,-1,2020-03-05 16:00:00+00:00,2020-03-09 04:00:00+00:00,0.25,3.0,guard:cooldown
USDJPY,USDJPY_SAFE_HAVEN_BREAKOUT,D1_H4_40BAR_BREAKOUT,-1,2020-03-05 20:00:00+00:00,2020-03-09 04:00:00+00:00,0.25,3.0,guard:cooldown
USDJPY,USDJPY_SAFE_HAVEN_BREAKOUT,D1_H4_40BAR_BREAKOUT,-1,2020-03-06 00:00:00+00:00,2020-03-09 04:00:00+00:00,0.25,3.0,guard:cooldown
USDJPY,USDJPY_SAFE_HAVEN_BREAKOUT,D1_H4_40BAR_BREAKOUT,-1,2020-03-06 04:00:00+00:00,2020-03-09 04:00:00+00:00,0.25,3.0,guard:cooldown
USDJPY,USDJPY_SAFE_HAVEN_BREAKOUT,D1_H4_40BAR_BREAKOUT,-1,2020-03-06 08:00:00+00:00,2020-03-09 04:00:00+00:00,0.25,3.0,guard:cooldown
USDJPY,USDJPY_SAFE_HAVEN_BREAKOUT,D1_H4_40BAR_BREAKOUT,-1,2020-03-06 12:00:00+00:00,2020-03-09 04:00:00+00:00,0.25,3.0,guard:cooldown
USDJPY,USDJPY_SAFE_HAVEN_BREAKOUT,D1_H4_40BAR_BREAKOUT,-1,2020-03-09 04:00:00+00:00,2020-03-10 04:00:00+00:00,0.25,-0.9999999999999967,guard:cooldown
GBPJPY,GBPJPY_SWING_CORE,H4_DONCHIAN_BREAKOUT,-1,2020-03-17 16:00:00+00:00,2020-03-18 00:00:00+00:00,0.15,-0.9999999999999983,gbp_cap
GBPUSD,GBPUSD_V10_PRECISION,PRIMARY_16UTC_BREAKOUT,-1,2020-03-17 16:00:00+00:00,2020-03-18 20:00:00+00:00,0.2,3.0,gbp_cap
GBPUSD,GBPUSD_V10_PRECISION,PRIMARY_16UTC_BREAKOUT,-1,2020-03-18 16:00:00+00:00,2020-03-19 20:00:00+00:00,0.5,-0.0,gbp_cap
USDJPY,USDJPY_SAFE_HAVEN_BREAKOUT,D1_H4_40BAR_BREAKOUT,-1,2020-04-01 20:00:00+00:00,2020-04-02 20:00:00+00:00,0.25,-0.9999999999999988,guard:cooldown
USDJPY,USDJPY_SAFE_HAVEN_BREAKOUT,D1_H4_40BAR_BREAKOUT,-1,2020-04-14 16:00:00+00:00,2020-04-15 12:00:00+00:00,0.25,-0.0,guard:probe_in_flight
USDJPY,USDJPY_SAFE_HAVEN_BREAKOUT,D1_H4_40BAR_BREAKOUT,-1,2020-04-14 20:00:00+00:00,2020-04-15 12:00:00+00:00,0.25,-1.000000000000002,guard:probe_in_flight
USDJPY,USDJPY_SAFE_HAVEN_BREAKOUT,D1_H4_40BAR_BREAKOUT,-1,2020-04-28 16:00:00+00:00,2020-04-30 20:00:00+00:00,0.25,-1.0000000000000095,guard:new_cooldown
USDJPY,USDJPY_SAFE_HAVEN_BREAKOUT,D1_H4_40BAR_BREAKOUT,-1,2020-04-29 08:00:00+00:00,2020-04-30 20:00:00+00:00,0.25,-1.0000000000000144,guard:cooldown
USDJPY,USDJPY_SAFE_HAVEN_BREAKOUT,D1_H4_40BAR_BREAKOUT,-1,2020-05-06 04:00:00+00:00,2020-05-08 16:00:00+00:00,0.25,-0.9999999999999983,guard:cooldown
USDJPY,USDJPY_SAFE_HAVEN_BREAKOUT,D1_H4_40BAR_BREAKOUT,-1,2020-05-06 16:00:00+00:00,2020-05-07 16:00:00+00:00,0.25,-0.9999999999999888,guard:cooldown
USDJPY,USDJPY_SAFE_HAVEN_BREAKOUT,D1_H4_40BAR_BREAKOUT,-1,2020-05-06 20:00:00+00:00,2020-05-07 12:00:00+00:00,0.25,-1.0000000000000164,guard:cooldown
USDJPY,USDJPY_SAFE_HAVEN_BREAKOUT,D1_H4_40BAR_BREAKOUT,1,2020-06-05 12:00:00+00:00,2020-06-08 16:00:00+00:00,0.25,0.0,guard:cooldown
USDJPY,USDJPY_SAFE_HAVEN_BREAKOUT,D1_H4_40BAR_BREAKOUT,1,2020-06-05 16:00:00+00:00,2020-06-08 20:00:00+00:00,0.25,-1.0000000000000078,guard:cooldown
USDJPY,USDJPY_SAFE_HAVEN_BREAKOUT,D1_H4_40BAR_BREAKOUT,1,2020-06-05 20:00:00+00:00,2020-06-08 16:00:00+00:00,0.25,-0.9999999999999974,guard:cooldown
USDJPY,USDJPY_SAFE_HAVEN_BREAKOUT,D1_H4_40BAR_BREAKOUT,-1,2020-06-23 20:00:00+00:00,2020-06-24 20:00:00+00:00,0.25,-1.0000000000000149,guard:probe_in_flight
AUDUSD,AUDUSD_TREND_PULLBACK,D1_H4_EMA_PULLBACK_04_08UTC,1,2020-07-06 04:00:00+00:00,2020-07-07 12:00:00+00:00,0.25,0.021894489909893608,symbol_cap
GBPUSD,GBPUSD_V10_PRECISION,PRIMARY_16UTC_BREAKOUT,1,2020-07-07 16:00:00+00:00,2020-07-14 00:00:00+00:00,0.5,0.5222157116172085,symbol_cap
USDJPY,USDJPY_SAFE_HAVEN_BREAKOUT,D1_H4_40BAR_BREAKOUT,-1,2020-07-10 04:00:00+00:00,2020-07-13 12:00:00+00:00,0.25,-0.0,guard:new_cooldown
USDJPY,USDJPY_SAFE_HAVEN_BREAKOUT,D1_H4_40BAR_BREAKOUT,-1,2020-07-10 08:00:00+00:00,2020-07-11 00:00:00+00:00,0.25,-0.0,guard:cooldown
USDJPY,USDJPY_SAFE_HAVEN_BREAKOUT,D1_H4_40BAR_BREAKOUT,-1,2020-07-10 12:00:00+00:00,2020-07-13 12:00:00+00:00,0.25,-0.9999999999999983,guard:cooldown
AUDUSD,AUDUSD_TREND_PULLBACK,D1_H4_EMA_PULLBACK_04_08UTC,1,2020-07-17 08:00:00+00:00,2020-07-21 12:00:00+00:00,0.25,2.0,symbol_cap
AUDUSD,AUDUSD_TREND_PULLBACK,D1_H4_EMA_PULLBACK_04_08UTC,1,2020-07-20 04:00:00+00:00,2020-07-21 12:00:00+00:00,0.25,2.0,symbol_cap
USDJPY,USDJPY_SAFE_HAVEN_BREAKOUT,D1_H4_40BAR_BREAKOUT,-1,2020-07-24 04:00:00+00:00,2020-07-27 08:00:00+00:00,0.25,3.0,guard:cooldown
USDJPY,USDJPY_SAFE_HAVEN_BREAKOUT,D1_H4_40BAR_BREAKOUT,-1,2020-07-24 08:00:00+00:00,2020-07-27 08:00:00+00:00,0.25,3.0,guard:cooldown
USDJPY,USDJPY_SAFE_HAVEN_BREAKOUT,D1_H4_40BAR_BREAKOUT,-1,2020-07-24 16:00:00+00:00,2020-07-25 00:00:00+00:00,0.25,-0.0,guard:cooldown
USDJPY,USDJPY_SAFE_HAVEN_BREAKOUT,D1_H4_40BAR_BREAKOUT,-1,2020-07-24 20:00:00+00:00,2020-07-25 00:00:00+00:00,0.25,-1.0000000000000149,guard:cooldown
AUDUSD,AUDUSD_TREND_PULLBACK,D1_H4_EMA_PULLBACK_04_08UTC,1,2020-07-27 08:00:00+00:00,2020-07-28 12:00:00+00:00,0.25,0.0,symbol_cap
USDJPY,USDJPY_SAFE_HAVEN_BREAKOUT,D1_H4_40BAR_BREAKOUT,-1,2020-07-27 08:00:00+00:00,2020-07-28 08:00:00+00:00,0.25,-0.0,guard:cooldown
USDJPY,USDJPY_SAFE_HAVEN_BREAKOUT,D1_H4_40BAR_BREAKOUT,-1,2020-07-28 16:00:00+00:00,2020-07-31 16:00:00+00:00,0.25,0.4974171665988971,guard:cooldown
USDJPY,USDJPY_SAFE_HAVEN_BREAKOUT,D1_H4_40BAR_BREAKOUT,-1,2020-07-28 20:00:00+00:00,2020-07-31 16:00:00+00:00,0.25,0.4306087031302219,guard:cooldown
USDJPY,USDJPY_SAFE_HAVEN_BREAKOUT,D1_H4_40BAR_BREAKOUT,-1,2020-07-29 12:00:00+00:00,2020-07-31 16:00:00+00:00,0.25,0.07738734739503313,guard:cooldown
USDJPY,USDJPY_SAFE_HAVEN_BREAKOUT,D1_H4_40BAR_BREAKOUT,-1,2020-07-31 00:00:00+00:00,2020-07-31 12:00:00+00:00,0.25,-0.0,guard:cooldown
USDJPY,USDJPY_SAFE_HAVEN_BREAKOUT,D1_H4_40BAR_BREAKOUT,-1,2020-07-31 04:00:00+00:00,2020-07-31 16:00:00+00:00,0.25,-1.0000000000000087,guard:cooldown
USDJPY,USDJPY_SAFE_HAVEN_BREAKOUT,D1_H4_40BAR_BREAKOUT,-1,2020-07-31 08:00:00+00:00,2020-07-31 16:00:00+00:00,0.25,-1.0000000000000029,guard:cooldown
USDJPY,USDJPY_SAFE_HAVEN_BREAKOUT,D1_H4_40BAR_BREAKOUT,-1,2020-08-18 12:00:00+00:00,2020-08-19 08:00:00+00:00,0.25,-0.0,guard:cooldown
USDJPY,USDJPY_SAFE_HAVEN_BREAKOUT,D1_H4_40BAR_BREAKOUT,-1,2020-08-18 20:00:00+00:00,2020-08-19 20:00:00+00:00,0.25,-0.9999999999999838,guard:cooldown
USDJPY,USDJPY_SAFE_HAVEN_BREAKOUT,D1_H4_40BAR_BREAKOUT,-1,2020-08-19 04:00:00+00:00,2020-08-19 08:00:00+00:00,0.25,-0.9999999999999988,guard:cooldown
USDJPY,USDJPY_SAFE_HAVEN_BREAKOUT,D1_H4_40BAR_BREAKOUT,-1,2020-09-16 12:00:00+00:00,2020-09-18 16:00:00+00:00,0.25,3.0,guard:probe_in_flight
USDJPY,USDJPY_SAFE_HAVEN_BREAKOUT,D1_H4_40BAR_BREAKOUT,-1,2020-09-16 16:00:00+00:00,2020-09-17 08:00:00+00:00,0.25,-1.0000000000000129,guard:probe_in_flight
USDJPY,USDJPY_SAFE_HAVEN_BREAKOUT,D1_H4_40BAR_BREAKOUT,-1,2020-09-17 12:00:00+00:00,2020-09-21 20:00:00+00:00,0.25,0.4900214721907828,guard:probe_in_flight
USDJPY,USDJPY_SAFE_HAVEN_BREAKOUT,D1_H4_40BAR_BREAKOUT,-1,2020-09-17 16:00:00+00:00,2020-09-21 20:00:00+00:00,0.25,-0.0,guard:new_cooldown
USDJPY,USDJPY_SAFE_HAVEN_BREAKOUT,D1_H4_40BAR_BREAKOUT,-1,2020-09-18 12:00:00+00:00,2020-09-21 20:00:00+00:00,0.25,-0.0,guard:cooldown
USDJPY,USDJPY_SAFE_HAVEN_BREAKOUT,D1_H4_40BAR_BREAKOUT,-1,2020-09-18 16:00:00+00:00,2020-09-21 20:00:00+00:00,0.25,-0.0,guard:cooldown
USDJPY,USDJPY_SAFE_HAVEN_BREAKOUT,D1_H4_40BAR_BREAKOUT,-1,2020-09-21 12:00:00+00:00,2020-09-21 20:00:00+00:00,0.25,-1.0000000000000138,guard:cooldown
USDJPY,USDJPY_SAFE_HAVEN_BREAKOUT,D1_H4_40BAR_BREAKOUT,-1,2020-10-14 16:00:00+00:00,2020-10-16 00:00:00+00:00,0.25,-1.0000000000000266,guard:cooldown
USDJPY,USDJPY_SAFE_HAVEN_BREAKOUT,D1_H4_40BAR_BREAKOUT,-1,2020-10-14 20:00:00+00:00,2020-10-15 20:00:00+00:00,0.25,-0.9999999999999823,guard:cooldown
USDJPY,USDJPY_SAFE_HAVEN_BREAKOUT,D1_H4_40BAR_BREAKOUT,-1,2020-10-21 12:00:00+00:00,2020-10-23 00:00:00+00:00,0.25,0.1385178618796218,guard:cooldown
USDJPY,USDJPY_SAFE_HAVEN_BREAKOUT,D1_H4_40BAR_BREAKOUT,-1,2020-10-21 16:00:00+00:00,2020-10-22 20:00:00+00:00,0.25,-0.9999999999999886,guard:cooldown
USDJPY,USDJPY_SAFE_HAVEN_BREAKOUT,D1_H4_40BAR_BREAKOUT,-1,2020-10-21 20:00:00+00:00,2020-10-22 20:00:00+00:00,0.25,-0.9999999999999761,guard:cooldown
USDJPY,USDJPY_SAFE_HAVEN_BREAKOUT,D1_H4_40BAR_BREAKOUT,-1,2020-10-28 08:00:00+00:00,2020-10-29 20:00:00+00:00,0.25,-0.9999999999999918,guard:cooldown
USDJPY,USDJPY_SAFE_HAVEN_BREAKOUT,D1_H4_40BAR_BREAKOUT,-1,2020-11-06 00:00:00+00:00,2020-11-09 16:00:00+00:00,0.25,-0.9999999999999915,guard:probe_in_flight
USDJPY,USDJPY_SAFE_HAVEN_BREAKOUT,D1_H4_40BAR_BREAKOUT,-1,2020-11-06 16:00:00+00:00,2020-11-09 12:00:00+00:00,0.25,-1.0000000000000127,guard:probe_in_flight
USDJPY,USDJPY_SAFE_HAVEN_BREAKOUT,D1_H4_40BAR_BREAKOUT,-1,2020-11-18 12:00:00+00:00,2020-11-19 16:00:00+00:00,0.25,-1.000000000000008,guard:new_cooldown
AUDUSD,AUDUSD_TREND_PULLBACK,D1_H4_EMA_PULLBACK_04_08UTC,1,2020-11-23 04:00:00+00:00,2020-11-23 20:00:00+00:00,0.25,-1.0000000000000084,symbol_cap
AUDUSD,AUDUSD_TREND_PULLBACK,D1_H4_EMA_PULLBACK_04_08UTC,1,2020-11-24 08:00:00+00:00,2020-11-24 20:00:00+00:00,0.25,0.0,symbol_cap
AUDUSD,AUDUSD_TREND_PULLBACK,D1_H4_EMA_PULLBACK_04_08UTC,1,2020-12-09 08:00:00+00:00,2020-12-09 20:00:00+00:00,0.25,0.1536664347437927,symbol_cap
USDJPY,USDJPY_SAFE_HAVEN_BREAKOUT,D1_H4_40BAR_BREAKOUT,-1,2020-12-14 16:00:00+00:00,2020-12-14 20:00:00+00:00,0.25,-1.0000000000000093,guard:cooldown
USDJPY,USDJPY_SAFE_HAVEN_BREAKOUT,D1_H4_40BAR_BREAKOUT,-1,2020-12-16 08:00:00+00:00,2020-12-17 00:00:00+00:00,0.25,-1.0000000000000118,guard:cooldown
USDJPY,USDJPY_SAFE_HAVEN_BREAKOUT,D1_H4_40BAR_BREAKOUT,-1,2020-12-16 12:00:00+00:00,2020-12-16 20:00:00+00:00,0.25,-1.0000000000000004,guard:cooldown
USDJPY,USDJPY_SAFE_HAVEN_BREAKOUT,D1_H4_40BAR_BREAKOUT,-1,2020-12-17 12:00:00+00:00,2020-12-18 08:00:00+00:00,0.25,-1.0000000000000202,guard:cooldown
USDJPY,USDJPY_SAFE_HAVEN_BREAKOUT,D1_H4_40BAR_BREAKOUT,-1,2020-12-17 16:00:00+00:00,2020-12-18 08:00:00+00:00,0.25,-0.9999999999999887,guard:cooldown
USDJPY,USDJPY_SAFE_HAVEN_BREAKOUT,D1_H4_40BAR_BREAKOUT,-1,2020-12-30 16:00:00+00:00,2020-12-30 20:00:00+00:00,0.25,-0.9999999999999957,guard:cooldown
USDJPY,USDJPY_SAFE_HAVEN_BREAKOUT,D1_H4_40BAR_BREAKOUT,-1,2021-01-05 20:00:00+00:00,2021-01-06 16:00:00+00:00,0.25,-0.9999999999999997,guard:new_cooldown
AUDUSD,AUDUSD_TREND_PULLBACK,D1_H4_EMA_PULLBACK_04_08UTC,1,2021-01-14 08:00:00+00:00,2021-01-15 08:00:00+00:00,0.25,0.0,symbol_cap
USDJPY,USDJPY_SAFE_HAVEN_BREAKOUT,D1_H4_40BAR_BREAKOUT,-1,2021-01-21 08:00:00+00:00,2021-01-21 20:00:00+00:00,0.25,-0.9999999999999877,guard:cooldown
USDJPY,USDJPY_SAFE_HAVEN_BREAKOUT,D1_H4_40BAR_BREAKOUT,1,2021-02-04 12:00:00+00:00,2021-02-05 20:00:00+00:00,0.25,0.5564015360553887,guard:cooldown
USDJPY,USDJPY_SAFE_HAVEN_BREAKOUT,D1_H4_40BAR_BREAKOUT,1,2021-02-04 16:00:00+00:00,2021-02-05 20:00:00+00:00,0.25,0.2216602594892426,guard:cooldown
USDJPY,USDJPY_SAFE_HAVEN_BREAKOUT,D1_H4_40BAR_BREAKOUT,1,2021-02-04 20:00:00+00:00,2021-02-05 20:00:00+00:00,0.25,0.0,guard:cooldown
USDJPY,USDJPY_SAFE_HAVEN_BREAKOUT,D1_H4_40BAR_BREAKOUT,1,2021-02-05 00:00:00+00:00,2021-02-05 20:00:00+00:00,0.25,0.0,guard:cooldown
USDJPY,USDJPY_SAFE_HAVEN_BREAKOUT,D1_H4_40BAR_BREAKOUT,1,2021-02-05 16:00:00+00:00,2021-02-05 20:00:00+00:00,0.25,-1.0000000000000204,guard:cooldown
USDJPY,USDJPY_SAFE_HAVEN_BREAKOUT,D1_H4_40BAR_BREAKOUT,1,2021-02-16 16:00:00+00:00,2021-02-18 04:00:00+00:00,0.25,0.0,guard:cooldown
USDJPY,USDJPY_SAFE_HAVEN_BREAKOUT,D1_H4_40BAR_BREAKOUT,1,2021-02-16 20:00:00+00:00,2021-02-17 08:00:00+00:00,0.25,0.0,guard:cooldown
USDJPY,USDJPY_SAFE_HAVEN_BREAKOUT,D1_H4_40BAR_BREAKOUT,1,2021-02-17 00:00:00+00:00,2021-02-18 04:00:00+00:00,0.25,-1.0000000000000064,guard:cooldown
GBPUSD,GBPUSD_V10_PRECISION,GBPUSD_SWING_V5_PULLBACK_ADDON,1,2021-02-18 16:00:00+00:00,2021-02-18 20:00:00+00:00,0.4,-1.0000000000000275,symbol_cap
GBPUSD,GBPUSD_V10_PRECISION,PRIMARY_16UTC_BREAKOUT,1,2021-02-18 16:00:00+00:00,2021-02-24 04:00:00+00:00,0.5,3.0,symbol_cap
GBPJPY,GBPJPY_SWING_CORE,H4_DONCHIAN_BREAKOUT,1,2021-02-24 00:00:00+00:00,2021-02-24 04:00:00+00:00,0.15,3.0,max_positions
GBPUSD,GBPUSD_SWING_RETEST,H4_BREAKOUT_RETEST,1,2021-02-24 00:00:00+00:00,2021-02-24 16:00:00+00:00,0.15,0.0,max_positions
USDJPY,USDJPY_SAFE_HAVEN_BREAKOUT,D1_H4_40BAR_BREAKOUT,1,2021-02-26 12:00:00+00:00,2021-03-04 20:00:00+00:00,0.25,3.0,guard:new_cooldown
USDJPY,USDJPY_SAFE_HAVEN_BREAKOUT,D1_H4_40BAR_BREAKOUT,1,2021-02-26 20:00:00+00:00,2021-03-05 00:00:00+00:00,0.25,3.0,guard:cooldown
USDJPY,USDJPY_SAFE_HAVEN_BREAKOUT,D1_H4_40BAR_BREAKOUT,1,2021-03-01 12:00:00+00:00,2021-03-05 00:00:00+00:00,0.25,3.0,guard:cooldown
USDJPY,USDJPY_SAFE_HAVEN_BREAKOUT,D1_H4_40BAR_BREAKOUT,1,2021-03-01 20:00:00+00:00,2021-03-05 04:00:00+00:00,0.25,3.0,guard:cooldown
USDJPY,USDJPY_SAFE_HAVEN_BREAKOUT,D1_H4_40BAR_BREAKOUT,1,2021-03-02 04:00:00+00:00,2021-03-05 08:00:00+00:00,0.25,3.0,guard:cooldown
USDJPY,USDJPY_SAFE_HAVEN_BREAKOUT,D1_H4_40BAR_BREAKOUT,1,2021-03-04 12:00:00+00:00,2021-03-05 12:00:00+00:00,0.25,3.0,guard:cooldown
USDJPY,USDJPY_SAFE_HAVEN_BREAKOUT,D1_H4_40BAR_BREAKOUT,1,2021-03-04 16:00:00+00:00,2021-03-05 12:00:00+00:00,0.25,3.0,guard:cooldown
USDJPY,USDJPY_SAFE_HAVEN_BREAKOUT,D1_H4_40BAR_BREAKOUT,1,2021-03-04 20:00:00+00:00,2021-03-08 20:00:00+00:00,0.25,3.0,guard:cooldown
USDJPY,USDJPY_SAFE_HAVEN_BREAKOUT,D1_H4_40BAR_BREAKOUT,1,2021-03-05 00:00:00+00:00,2021-03-08 20:00:00+00:00,0.25,3.0,guard:cooldown
USDJPY,USDJPY_SAFE_HAVEN_BREAKOUT,D1_H4_40BAR_BREAKOUT,1,2021-03-05 08:00:00+00:00,2021-03-05 20:00:00+00:00,0.25,0.0,guard:cooldown
USDJPY,USDJPY_SAFE_HAVEN_BREAKOUT,D1_H4_40BAR_BREAKOUT,1,2021-03-05 12:00:00+00:00,2021-03-05 20:00:00+00:00,0.25,-1.0000000000000122,guard:cooldown
USDJPY,USDJPY_SAFE_HAVEN_BREAKOUT,D1_H4_40BAR_BREAKOUT,1,2021-03-08 16:00:00+00:00,2021-03-09 12:00:00+00:00,0.25,0.019940220436665275,guard:cooldown
USDJPY,USDJPY_SAFE_HAVEN_BREAKOUT,D1_H4_40BAR_BREAKOUT,1,2021-03-08 20:00:00+00:00,2021-03-09 20:00:00+00:00,0.25,-1.0000000000000135,guard:cooldown
USDJPY,USDJPY_SAFE_HAVEN_BREAKOUT,D1_H4_40BAR_BREAKOUT,1,2021-03-09 04:00:00+00:00,2021-03-09 12:00:00+00:00,0.25,-1.0000000000000044,guard:cooldown
USDJPY,USDJPY_SAFE_HAVEN_BREAKOUT,D1_H4_40BAR_BREAKOUT,1,2021-03-15 08:00:00+00:00,2021-03-16 16:00:00+00:00,0.25,-1.0000000000000042,guard:cooldown
USDJPY,USDJPY_SAFE_HAVEN_BREAKOUT,D1_H4_40BAR_BREAKOUT,1,2021-03-26 12:00:00+00:00,2021-03-29 08:00:00+00:00,0.25,0.0,guard:cooldown
USDJPY,USDJPY_SAFE_HAVEN_BREAKOUT,D1_H4_40BAR_BREAKOUT,1,2021-03-26 16:00:00+00:00,2021-03-29 08:00:00+00:00,0.25,-0.9999999999999905,guard:cooldown
USDJPY,USDJPY_SAFE_HAVEN_BREAKOUT,D1_H4_40BAR_BREAKOUT,1,2021-03-30 04:00:00+00:00,2021-03-31 08:00:00+00:00,0.25,3.0,guard:cooldown
USDJPY,USDJPY_SAFE_HAVEN_BREAKOUT,D1_H4_40BAR_BREAKOUT,1,2021-03-30 08:00:00+00:00,2021-03-31 08:00:00+00:00,0.25,3.0,guard:cooldown
USDJPY,USDJPY_SAFE_HAVEN_BREAKOUT,D1_H4_40BAR_BREAKOUT,1,2021-03-30 12:00:00+00:00,2021-04-02 12:00:00+00:00,0.25,0.46652656173643947,guard:cooldown
USDJPY,USDJPY_SAFE_HAVEN_BREAKOUT,D1_H4_40BAR_BREAKOUT,1,2021-03-30 16:00:00+00:00,2021-04-02 12:00:00+00:00,0.25,0.1650100366825391,guard:cooldown
USDJPY,USDJPY_SAFE_HAVEN_BREAKOUT,D1_H4_40BAR_BREAKOUT,1,2021-03-31 04:00:00+00:00,2021-04-05 20:00:00+00:00,0.25,-0.9999999999999841,guard:cooldown
USDJPY,USDJPY_SAFE_HAVEN_BREAKOUT,D1_H4_40BAR_BREAKOUT,1,2021-03-31 08:00:00+00:00,2021-03-31 12:00:00+00:00,0.25,-0.9999999999999831,guard:cooldown
AUDUSD,AUDUSD_TREND_PULLBACK,D1_H4_EMA_PULLBACK_04_08UTC,-1,2021-04-13 08:00:00+00:00,2021-04-13 20:00:00+00:00,0.25,-1.0000000000000115,symbol_cap
USDJPY,USDJPY_SAFE_HAVEN_BREAKOUT,D1_H4_40BAR_BREAKOUT,1,2021-04-30 20:00:00+00:00,2021-05-03 20:00:00+00:00,0.25,-1.0000000000000164,guard:new_cooldown
USDJPY,USDJPY_SAFE_HAVEN_BREAKOUT,D1_H4_40BAR_BREAKOUT,1,2021-05-03 04:00:00+00:00,2021-05-03 20:00:00+00:00,0.25,-1.000000000000016,guard:cooldown
USDJPY,USDJPY_SAFE_HAVEN_BREAKOUT,D1_H4_40BAR_BREAKOUT,1,2021-05-03 08:00:00+00:00,2021-05-03 20:00:00+00:00,0.25,-0.9999999999999893,guard:cooldown
USDJPY,USDJPY_SAFE_HAVEN_BREAKOUT,D1_H4_40BAR_BREAKOUT,1,2021-05-03 12:00:00+00:00,2021-05-03 20:00:00+00:00,0.25,-0.9999999999999841,guard:cooldown
USDJPY,USDJPY_SAFE_HAVEN_BREAKOUT,D1_H4_40BAR_BREAKOUT,1,2021-05-27 16:00:00+00:00,2021-05-28 16:00:00+00:00,0.25,3.0,guard:cooldown
USDJPY,USDJPY_SAFE_HAVEN_BREAKOUT,D1_H4_40BAR_BREAKOUT,1,2021-05-27 20:00:00+00:00,2021-05-28 20:00:00+00:00,0.25,0.0,guard:cooldown
USDJPY,USDJPY_SAFE_HAVEN_BREAKOUT,D1_H4_40BAR_BREAKOUT,1,2021-05-28 04:00:00+00:00,2021-05-31 20:00:00+00:00,0.25,-0.9999999999999952,guard:cooldown
USDJPY,USDJPY_SAFE_HAVEN_BREAKOUT,D1_H4_40BAR_BREAKOUT,1,2021-05-28 16:00:00+00:00,2021-05-28 20:00:00+00:00,0.25,-0.9999999999999779,guard:cooldown
USDJPY,USDJPY_SAFE_HAVEN_BREAKOUT,D1_H4_40BAR_BREAKOUT,1,2021-06-03 20:00:00+00:00,2021-06-04 16:00:00+00:00,0.25,-1.0000000000000135,guard:cooldown
USDJPY,USDJPY_SAFE_HAVEN_BREAKOUT,D1_H4_40BAR_BREAKOUT,1,2021-06-17 04:00:00+00:00,2021-06-17 20:00:00+00:00,0.25,-1.000000000000008,guard:probe_in_flight
USDJPY,USDJPY_SAFE_HAVEN_BREAKOUT,D1_H4_40BAR_BREAKOUT,1,2021-06-23 12:00:00+00:00,2021-06-25 16:00:00+00:00,0.25,-1.0000000000000053,guard:new_cooldown
USDJPY,USDJPY_SAFE_HAVEN_BREAKOUT,D1_H4_40BAR_BREAKOUT,1,2021-07-01 12:00:00+00:00,2021-07-03 00:00:00+00:00,0.25,-0.9999999999999952,guard:cooldown
USDJPY,USDJPY_SAFE_HAVEN_BREAKOUT,D1_H4_40BAR_BREAKOUT,1,2021-07-02 04:00:00+00:00,2021-07-02 16:00:00+00:00,0.25,-1.000000000000001,guard:cooldown
USDJPY,USDJPY_SAFE_HAVEN_BREAKOUT,D1_H4_40BAR_BREAKOUT,1,2021-08-10 20:00:00+00:00,2021-08-12 00:00:00+00:00,0.25,-0.9999999999999772,guard:probe_in_flight
USDJPY,USDJPY_SAFE_HAVEN_BREAKOUT,D1_H4_40BAR_BREAKOUT,1,2021-08-11 04:00:00+00:00,2021-08-11 16:00:00+00:00,0.25,-0.9999999999999992,guard:probe_in_flight
USDJPY,USDJPY_SAFE_HAVEN_BREAKOUT,D1_H4_40BAR_BREAKOUT,1,2021-08-11 12:00:00+00:00,2021-08-11 16:00:00+00:00,0.25,-1.0000000000000273,guard:probe_in_flight
AUDUSD,AUDUSD_TREND_PULLBACK,D1_H4_EMA_PULLBACK_04_08UTC,-1,2021-08-17 04:00:00+00:00,2021-08-17 12:00:00+00:00,0.25,2.0,symbol_cap
USDJPY,USDJPY_SAFE_HAVEN_BREAKOUT,D1_H4_40BAR_BREAKOUT,1,2021-09-01 12:00:00+00:00,2021-09-01 16:00:00+00:00,0.25,-0.9999999999999968,guard:new_cooldown
USDJPY,USDJPY_SAFE_HAVEN_BREAKOUT,D1_H4_40BAR_BREAKOUT,1,2021-09-27 12:00:00+00:00,2021-09-29 20:00:00+00:00,0.25,3.0,guard:cooldown
USDJPY,USDJPY_SAFE_HAVEN_BREAKOUT,D1_H4_40BAR_BREAKOUT,1,2021-09-28 08:00:00+00:00,2021-09-30 12:00:00+00:00,0.25,3.0,guard:cooldown
USDJPY,USDJPY_SAFE_HAVEN_BREAKOUT,D1_H4_40BAR_BREAKOUT,1,2021-09-28 12:00:00+00:00,2021-09-28 20:00:00+00:00,0.25,0.0,guard:cooldown
GBPUSD,GBPUSD_V10_PRECISION,PRIMARY_16UTC_BREAKOUT,-1,2021-09-28 16:00:00+00:00,2021-10-01 16:00:00+00:00,0.5,0.27920075652320386,symbol_cap
USDJPY,USDJPY_SAFE_HAVEN_BREAKOUT,D1_H4_40BAR_BREAKOUT,1,2021-09-28 16:00:00+00:00,2021-09-29 12:00:00+00:00,0.25,-1.000000000000011,guard:cooldown
USDJPY,USDJPY_SAFE_HAVEN_BREAKOUT,D1_H4_40BAR_BREAKOUT,1,2021-09-29 04:00:00+00:00,2021-09-29 12:00:00+00:00,0.25,-0.9999999999999801,guard:cooldown
GBPUSD,GBPUSD_V10_PRECISION,SECONDARY_12UTC_BREAKOUT,-1,2021-09-29 12:00:00+00:00,2021-09-30 20:00:00+00:00,0.4,-0.0,symbol_cap
GBPUSD,GBPUSD_V10_PRECISION,PRIMARY_16UTC_BREAKOUT,-1,2021-09-29 16:00:00+00:00,2021-10-01 16:00:00+00:00,0.5,-0.9999999999999937,symbol_cap
USDJPY,USDJPY_SAFE_HAVEN_BREAKOUT,D1_H4_40BAR_BREAKOUT,1,2021-09-29 20:00:00+00:00,2021-09-30 20:00:00+00:00,0.25,-0.9999999999999887,guard:cooldown
USDJPY,USDJPY_SAFE_HAVEN_BREAKOUT,D1_H4_40BAR_BREAKOUT,1,2021-09-30 00:00:00+00:00,2021-09-30 20:00:00+00:00,0.25,-1.0000000000000053,guard:cooldown
USDJPY,USDJPY_SAFE_HAVEN_BREAKOUT,D1_H4_40BAR_BREAKOUT,1,2021-10-08 20:00:00+00:00,2021-10-11 20:00:00+00:00,0.25,3.0,guard:cooldown
USDJPY,USDJPY_SAFE_HAVEN_BREAKOUT,D1_H4_40BAR_BREAKOUT,1,2021-10-09 00:00:00+00:00,2021-10-11 16:00:00+00:00,0.25,3.0,guard:cooldown
USDJPY,USDJPY_SAFE_HAVEN_BREAKOUT,D1_H4_40BAR_BREAKOUT,1,2021-10-11 04:00:00+00:00,2021-10-12 04:00:00+00:00,0.25,3.0,guard:cooldown
USDJPY,USDJPY_SAFE_HAVEN_BREAKOUT,D1_H4_40BAR_BREAKOUT,1,2021-10-11 08:00:00+00:00,2021-10-15 04:00:00+00:00,0.25,3.0,guard:cooldown
USDJPY,USDJPY_SAFE_HAVEN_BREAKOUT,D1_H4_40BAR_BREAKOUT,1,2021-10-11 12:00:00+00:00,2021-10-15 12:00:00+00:00,0.25,3.0,guard:cooldown
USDJPY,USDJPY_SAFE_HAVEN_BREAKOUT,D1_H4_40BAR_BREAKOUT,1,2021-10-11 16:00:00+00:00,2021-10-15 16:00:00+00:00,0.25,3.0,guard:cooldown
USDJPY,USDJPY_SAFE_HAVEN_BREAKOUT,D1_H4_40BAR_BREAKOUT,1,2021-10-11 20:00:00+00:00,2021-10-18 20:00:00+00:00,0.25,1.9624630004952572,guard:cooldown
USDJPY,USDJPY_SAFE_HAVEN_BREAKOUT,D1_H4_40BAR_BREAKOUT,1,2021-10-12 04:00:00+00:00,2021-10-12 12:00:00+00:00,0.25,-1.000000000000017,guard:cooldown
USDJPY,USDJPY_SAFE_HAVEN_BREAKOUT,D1_H4_40BAR_BREAKOUT,1,2021-10-12 16:00:00+00:00,2021-10-19 12:00:00+00:00,0.25,0.5969990505597006,guard:cooldown
USDJPY,USDJPY_SAFE_HAVEN_BREAKOUT,D1_H4_40BAR_BREAKOUT,1,2021-10-15 04:00:00+00:00,2021-10-19 12:00:00+00:00,0.25,0.13111188397056225,guard:cooldown
USDJPY,USDJPY_SAFE_HAVEN_BREAKOUT,D1_H4_40BAR_BREAKOUT,1,2021-10-15 08:00:00+00:00,2021-10-19 12:00:00+00:00,0.25,0.0,guard:cooldown
USDJPY,USDJPY_SAFE_HAVEN_BREAKOUT,D1_H4_40BAR_BREAKOUT,1,2021-10-15 12:00:00+00:00,2021-10-19 12:00:00+00:00,0.25,-1.0000000000000175,guard:cooldown
USDJPY,USDJPY_SAFE_HAVEN_BREAKOUT,D1_H4_40BAR_BREAKOUT,1,2021-10-15 16:00:00+00:00,2021-10-15 20:00:00+00:00,0.25,-0.9999999999999898,guard:cooldown
AUDUSD,AUDUSD_TREND_PULLBACK,D1_H4_EMA_PULLBACK_04_08UTC,1,2021-10-26 04:00:00+00:00,2021-10-26 20:00:00+00:00,0.25,0.0,symbol_cap
AUDUSD,AUDUSD_TREND_PULLBACK,D1_H4_EMA_PULLBACK_04_08UTC,1,2021-10-27 04:00:00+00:00,2021-10-27 12:00:00+00:00,0.25,-1.0000000000000193,symbol_cap
AUDUSD,AUDUSD_TREND_PULLBACK,D1_H4_EMA_PULLBACK_04_08UTC,1,2021-10-29 08:00:00+00:00,2021-10-29 20:00:00+00:00,0.25,-1.0000000000000038,symbol_cap
GBPUSD,GBPUSD_V10_PRECISION,GBPUSD_SWING_V5_PULLBACK_ADDON,-1,2021-11-04 16:00:00+00:00,2021-11-08 16:00:00+00:00,0.4,0.33975498697705436,symbol_cap
GBPUSD,GBPUSD_V10_PRECISION,PRIMARY_16UTC_BREAKOUT,-1,2021-11-04 16:00:00+00:00,2021-11-08 16:00:00+00:00,0.5,-0.0,symbol_cap
USDJPY,USDJPY_SAFE_HAVEN_BREAKOUT,D1_H4_40BAR_BREAKOUT,1,2021-11-12 04:00:00+00:00,2021-11-12 20:00:00+00:00,0.25,-0.9999999999999847,guard:new_cooldown
USDJPY,USDJPY_SAFE_HAVEN_BREAKOUT,D1_H4_40BAR_BREAKOUT,1,2021-11-16 16:00:00+00:00,2021-11-17 20:00:00+00:00,0.25,0.099712251118708,guard:cooldown
USDJPY,USDJPY_SAFE_HAVEN_BREAKOUT,D1_H4_40BAR_BREAKOUT,1,2021-11-16 20:00:00+00:00,2021-11-17 16:00:00+00:00,0.25,0.0,guard:cooldown
USDJPY,USDJPY_SAFE_HAVEN_BREAKOUT,D1_H4_40BAR_BREAKOUT,1,2021-11-17 00:00:00+00:00,2021-11-17 20:00:00+00:00,0.25,-1.000000000000001,guard:cooldown
USDJPY,USDJPY_SAFE_HAVEN_BREAKOUT,D1_H4_40BAR_BREAKOUT,1,2021-11-23 08:00:00+00:00,2021-11-23 12:00:00+00:00,0.25,-0.9999999999999915,guard:cooldown
USDJPY,USDJPY_SAFE_HAVEN_BREAKOUT,D1_H4_40BAR_BREAKOUT,1,2021-11-24 20:00:00+00:00,2021-11-26 04:00:00+00:00,0.25,-0.9999999999999934,guard:cooldown
USDJPY,USDJPY_SAFE_HAVEN_BREAKOUT,D1_H4_40BAR_BREAKOUT,1,2021-12-16 00:00:00+00:00,2021-12-16 20:00:00+00:00,0.25,-0.9999999999999938,guard:cooldown
USDJPY,USDJPY_SAFE_HAVEN_BREAKOUT,D1_H4_40BAR_BREAKOUT,1,2021-12-22 12:00:00+00:00,2021-12-29 12:00:00+00:00,0.25,2.098654157480672,guard:cooldown
USDJPY,USDJPY_SAFE_HAVEN_BREAKOUT,D1_H4_40BAR_BREAKOUT,1,2021-12-27 16:00:00+00:00,2021-12-29 20:00:00+00:00,0.25,0.0,guard:probe_in_flight
USDJPY,USDJPY_SAFE_HAVEN_BREAKOUT,D1_H4_40BAR_BREAKOUT,1,2021-12-27 20:00:00+00:00,2022-01-03 16:00:00+00:00,0.25,0.4967588681072273,guard:probe_in_flight
USDJPY,USDJPY_SAFE_HAVEN_BREAKOUT,D1_H4_40BAR_BREAKOUT,1,2021-12-29 12:00:00+00:00,2021-12-29 20:00:00+00:00,0.25,-1.00000000000003,guard:probe_in_flight
USDJPY,USDJPY_SAFE_HAVEN_BREAKOUT,D1_H4_40BAR_BREAKOUT,1,2021-12-30 08:00:00+00:00,2022-01-03 16:00:00+00:00,0.25,0.0,guard:new_cooldown
USDJPY,USDJPY_SAFE_HAVEN_BREAKOUT,D1_H4_40BAR_BREAKOUT,1,2021-12-30 12:00:00+00:00,2022-01-04 12:00:00+00:00,0.25,3.0,guard:cooldown
USDJPY,USDJPY_SAFE_HAVEN_BREAKOUT,D1_H4_40BAR_BREAKOUT,1,2022-01-03 04:00:00+00:00,2022-01-03 16:00:00+00:00,0.25,-1.000000000000029,guard:cooldown
USDJPY,USDJPY_SAFE_HAVEN_BREAKOUT,D1_H4_40BAR_BREAKOUT,1,2022-01-03 08:00:00+00:00,2022-01-03 16:00:00+00:00,0.25,-0.999999999999994,guard:cooldown
USDJPY,USDJPY_SAFE_HAVEN_BREAKOUT,D1_H4_40BAR_BREAKOUT,1,2022-01-04 04:00:00+00:00,2022-01-04 16:00:00+00:00,0.25,3.0,guard:cooldown
USDJPY,USDJPY_SAFE_HAVEN_BREAKOUT,D1_H4_40BAR_BREAKOUT,1,2022-01-04 08:00:00+00:00,2022-01-05 12:00:00+00:00,0.25,0.36121795493543696,guard:cooldown
USDJPY,USDJPY_SAFE_HAVEN_BREAKOUT,D1_H4_40BAR_BREAKOUT,1,2022-01-04 12:00:00+00:00,2022-01-05 12:00:00+00:00,0.25,0.0549140086793801,guard:cooldown
USDJPY,USDJPY_SAFE_HAVEN_BREAKOUT,D1_H4_40BAR_BREAKOUT,1,2022-01-04 16:00:00+00:00,2022-01-05 04:00:00+00:00,0.25,-1.000000000000003,guard:cooldown
EURUSD,EURUSD_SWING_RETEST,H1_BREAKOUT_RETEST,-1,2022-01-27 05:00:00+00:00,2022-01-27 14:00:00+00:00,0.06,3.0,symbol_cap
USDJPY,USDJPY_SAFE_HAVEN_BREAKOUT,D1_H4_40BAR_BREAKOUT,1,2022-01-27 12:00:00+00:00,2022-02-01 00:00:00+00:00,0.25,0.1439523487575638,guard:cooldown
USDJPY,USDJPY_SAFE_HAVEN_BREAKOUT,D1_H4_40BAR_BREAKOUT,1,2022-01-27 16:00:00+00:00,2022-02-01 00:00:00+00:00,0.25,-1.0000000000000115,guard:cooldown
USDJPY,USDJPY_SAFE_HAVEN_BREAKOUT,D1_H4_40BAR_BREAKOUT,1,2022-01-28 12:00:00+00:00,2022-01-28 20:00:00+00:00,0.25,-1.0000000000000053,guard:cooldown
USDJPY,USDJPY_SAFE_HAVEN_BREAKOUT,D1_H4_40BAR_BREAKOUT,1,2022-02-10 12:00:00+00:00,2022-02-10 20:00:00+00:00,0.25,0.0,guard:cooldown
USDJPY,USDJPY_SAFE_HAVEN_BREAKOUT,D1_H4_40BAR_BREAKOUT,1,2022-02-10 16:00:00+00:00,2022-02-10 20:00:00+00:00,0.25,-1.0000000000000073,guard:cooldown
USDJPY,USDJPY_SAFE_HAVEN_BREAKOUT,D1_H4_40BAR_BREAKOUT,1,2022-03-03 12:00:00+00:00,2022-03-04 00:00:00+00:00,0.25,-0.9999999999999949,guard:new_cooldown
